SHAP_Age,SHAP_Department,SHAP_JobRole,SHAP_MonthlyIncome,SHAP_YearsAtCompany,SHAP_YearsInCurrentRole,SHAP_YearsSinceLastPromotion,SHAP_PerformanceRating,SHAP_JobSatisfaction,SHAP_WorkLifeBalance,SHAP_EnvironmentSatisfaction,SHAP_OverTime,SHAP_Gender,SHAP_MaritalStatus,SHAP_DistanceFromHome,SHAP_TotalWorkingYears,SHAP_Income_to_Age_Ratio,SHAP_Tenure_to_Age_Ratio,SHAP_Role_Tenure_Ratio,SHAP_Experience_to_Age_Ratio,SHAP_Promotion_Frequency,SHAP_Satisfaction_Score,SHAP_Income_Quartile,SHAP_Income_Z_Score,SHAP_Distance_WorkLife_Impact,SHAP_Age_Group,SHAP_Tenure_Group,SHAP_Performance_Category,SHAP_Distance_Category,SHAP_Satisfaction_Level,SHAP_High_Overtime_Risk,SHAP_Low_Satisfaction_Risk,SHAP_High_Distance_Risk,SHAP_Stagnation_Risk,SHAP_Dept_Role_Combo,SHAP_Age_Income_Segment,SHAP_Performance_Satisfaction,SHAP_WorkLife_Combined_Score,SHAP_Senior_High_Performer,SHAP_Composite_Risk_Score,SHAP_Risk_Level,EmployeeID,Total_SHAP_Score,Predicted_Probability,Actual_Attrition,Risk_Category
-0.0022010733043735147,0.00643612154474894,-0.0058146807750448426,-0.004480131625025682,-0.008142818581413329,0.006116865446653468,-0.007388722151297254,0.03728804340700865,-0.003130859927902264,-0.0011548676569468751,-0.007901730988964384,0.0009785559747754902,0.0011299096587956848,-0.010678021320720116,-0.0129154181434037,0.00757214054285719,-0.010038028081610634,-0.000954402385320629,0.007957338650466633,0.0022763226071667282,-0.011302374551271706,0.010953395051835617,-0.00504073420927945,-0.044178768578664256,-0.004581640485760569,0.0029627355755747747,0.00020130765246493672,0.0075164638414718585,-0.0006835548742375179,0.0036093902669389697,0.000692820050063511,-0.0002435847137795054,0.0013804475636117347,-0.00011083160769391492,0.003078261032583407,-0.00011942772495712294,0.029273976897825276,0.000838680577922023,-0.00198929192190864,0.0017483487833504878,-0.0026122314591754464,0,-0.013652069942635972,0.15406221577164975,0,Low Risk
-0.006092937322032234,0.005470058823154262,-0.00353850925180253,-0.008181552718580872,-0.009891147290396446,-0.004543037692863354,-0.0007716445449799113,0.012558976202364111,0.0018820231642082015,-0.0007317836519850897,-0.0024097849214581015,0.00750791708538684,0.0014857281744775545,0.008684776588995094,-0.005444394595707754,-0.007039561441059268,-0.009146707496177027,-0.005844318895149043,-0.0044682642178070055,0.0028772625405393292,-0.004781993010474614,0.007075106193278361,-0.006045406761303079,0.0010153325217977475,-0.004213733729700696,0.0018552302137138969,0.0005450055485769764,0.005457228363358398,-0.0010039154955102537,0.0036395651001950562,-0.0009928933512594119,0.002216226316038539,-0.0015004482132414448,-0.00015684230611488526,0.02072572909705458,-0.002847683257686326,0.028883888989831238,0.0028783982150244053,-0.0005125741192261572,0.0004594338817403468,-0.0013863370153460786,1,0.023672415719873358,0.19138670143415903,0,Low Risk
0.0004966422654698012,-0.001619744840569369,-0.004790705361217661,0.008561137726382744,-0.012230799076680602,0.0006163800560070136,0.0026537642842901768,0.00015785822432707282,0.0005033582302824064,-0.0035681791220332918,-0.010555071552989854,0.0081083579328402,0.0003512693612279702,0.004356931473804908,-0.013775125319555269,0.011624244746175492,-0.0017993659183297653,-0.003774902773210087,0.007967477845005422,0.003955923652573005,-0.010341506274445775,-8.910244490974506e-05,0.0041184618871389364,0.009700128333892052,-1.1102605843100337e-05,0.00047714439698180895,0.0006409674826902516,0.007369343427797734,-0.001242285683669717,0.012482474838647456,0.00195900047835635,-5.0133824878621696e-05,0.0007168711154310081,-0.00013704784547393238,0.0045112394857119995,-0.0022250976769995993,0.026596890741400845,-0.006736568330964377,-0.0002301132922796187,1.7015193134314042e-05,-0.006922368423430432,2,0.037843662812088154,0.20555794852637382,0,Low Risk
-0.0035501007882152162,0.0004967760802543926,-0.01179974376735534,-0.012128824217227592,-0.007511512893560481,-0.0006031864469344954,-0.001430436551496856,-0.00986777918430757,-0.0006827782153467745,0.0009384829941310718,0.007549195737323037,0.0030781246934520595,-1.5140430956925474e-05,-0.011662829558401522,0.015278218341610488,-0.003426625618104086,-0.00646782310122564,-0.012839857834755431,-0.0011521035096653805,-0.005397757720016172,-0.012438412478815107,-0.006206224842354934,-0.006365334814171862,-0.005884511059019742,-0.004372907146378337,0.0012795987244155105,0.0011414285761493985,-0.008630400505566781,0.00037275421103347573,-0.001307388435271875,-0.003514772800843048,0.0010655714862190697,0.000377975588755594,-0.00012473473702892535,-0.0029643872731038544,-0.006126666226706801,-0.011159378588608208,-0.0029252221887748685,0.002195267479728999,0.0032325228293970717,0.0008582786123056545,3,-0.12269264557943801,0.045021640134847676,0,Low Risk
-0.009357482145064034,0.007541021695979138,0.009121436348432346,-0.005287218640556022,0.0012951615657363436,0.0021961269048657115,-0.0005234757093228381,-0.009871798292465999,-0.003129201264232833,-0.0018799425762202671,0.007501567527350458,0.0023852067888721165,-0.0014460122377992885,0.0013944204044616432,0.00031013720989230204,-0.010080773788335374,0.02448563661377972,-0.00277556269251204,0.002952342823510302,0.00521814940884267,-0.000538315579600586,0.009408404911148782,0.009981989897643985,0.00023348234665934546,-0.020675975267323458,-0.010116447853723952,0.0022380627542550103,-0.021691685002879556,0.0008002770590747844,0.002544912562294701,-0.0008937952770298624,-0.0002669195829564386,0.004216156955603759,-7.330916418130691e-05,0.015062890593297771,-0.01127889891422661,0.003087602298685403,-0.004558823119852823,0.00014997526731418213,0.002655633788960881,0.0074883900759383296,4,0.007823348694316399,0.17553763440860215,0,Low Risk
-0.005331956784224525,-0.005845136171887703,-0.003106113050448763,-0.004099013105687856,-0.002600759315295787,-0.00039617573096057,0.0022125782905211364,-0.0016492861669806153,0.0002230149373584433,-0.0005553973821386533,0.012716344077702238,0.002365725720271186,0.0009419320632757378,0.008153432377215645,0.00014941769376774748,-0.015127258982885654,-0.01451471417982981,-0.007628284381925019,0.00019183324122581377,-0.016758116824952155,0.014914215742173177,0.004323698394786602,-0.011088417209266625,-3.864620031133017e-05,0.002999432948605025,0.0032172516880637084,0.00019182525813215366,0.005293726019793179,0.00028522537681658234,0.0029284616644076975,0.001918806141454218,0.0013214571339986274,-0.0013284154024711182,-0.000174675014258644,0.0003362870808176752,0.00521991768976584,-0.006655486065925951,-0.008112739870662373,-0.0004455461410626862,-0.0018271269391535209,-0.0006904994390038809,5,-0.03806918081918081,0.1296451048951049,0,Low Risk
-0.01373053078069195,-0.0005540256446918933,-0.011300328780657867,0.0014838279037420292,0.0034166641261680337,0.0013571636509436874,0.00174264636507365,-0.0036924144544843345,-0.007991948014648349,-0.002893557194323843,0.024178365598291642,0.0001085539146470684,-0.005315341648663353,-0.007164734847965099,-0.011477681866343667,-0.01443090703216485,0.01587448750793312,-0.0031648965209595957,-0.004256818269370202,0.015316669950840014,0.020305118848302793,0.016752895774157516,0.005731523941566043,-0.006018021632250109,0.0010552443037907754,-0.0033352077827384485,0.005988257448167995,0.007126634200252856,-0.0001192341280815904,0.0019540532983535275,-0.0008439419132054951,-0.0022997933498980867,-0.0037251644585657865,-0.00013313392721795477,0.006996386921170345,-0.013899623602151558,-0.004195140850669682,0.0018925022892022079,-0.00020242398764434995,-0.007086446491198202,-0.0022753751802793453,6,0.0011743036837376943,0.16888858939802337,0,Low Risk
-0.00385626203784946,0.0015667538154882732,-0.0009126991064049002,-0.011477383252645931,0.009132469879764694,0.006355478702731237,-7.9314076499314e-05,-0.00501999968855405,0.0015727089278200679,0.0010263616715393414,-0.016300118797939165,0.0012754644265489344,0.00029454255233677247,-0.006740990844924958,-0.02078038306387591,0.006971964181701867,-0.005812485965810204,-0.007622309651388304,0.006120390107190507,0.0055734169666166655,0.0017165545507169628,-0.002475271733676879,-0.004052680641362237,-0.007875729489465388,-0.004079744740305146,0.0026198763137455067,-0.001062922289979364,0.0046180279708343056,-0.005112565526392597,-0.0063386565827587005,-0.000957648663588111,-0.005258583229817077,-0.00044121755965490677,-0.00024059568995789515,0.002777594651337688,-0.008329143981262464,-0.0027949182535568296,0.0011696881698954845,-0.0013816630055219037,-0.002673242237293802,-0.004388402905770732,7,-0.08327364012798794,0.08444064558629777,0,Low Risk
0.0004768046562349117,-0.0003829780600793149,-0.0018493059006340494,-0.011167706478516299,0.0020276540216060375,-0.013296993674805703,-0.001893283603494862,-0.004134534778477555,0.007844723761947,0.0006561086140066663,0.00032061924753395624,-0.00044150606125702743,-0.00011232446671008909,-0.004874989301508394,-0.00896769675774922,0.01249574834481413,-0.0057305483819232615,-0.0038186384051379593,-0.01215134459635238,0.0038639514838417297,-0.0037958462985076243,-0.00824528392572736,-0.010890222666429215,-0.0017853918176415806,0.008153946560576317,0.002154920546023864,0.0021350366921822836,-0.0013981300808274364,0.004319402248963819,-0.0024791385892599677,-0.0004918375705906297,-0.0008068934774509898,-0.001021850992768869,-9.019468705753879e-05,-0.0023999305148675065,-0.008005509886881448,-0.0009167313749136863,0.007287521412794923,-0.00035630919841565394,-0.0013848728753731174,-5.793888760006756e-05,8,-0.06121149572043317,0.10650278999385257,0,Low Risk
-0.004803743087901672,-0.00022667735216005985,-0.006865456398368883,0.021539458303752625,0.002188388086654345,-0.008153550853092703,0.006693282620147579,-0.0055832908432295785,-0.0004487811738794835,-0.0005899668945843097,0.003446502906013616,3.494541731765693e-05,0.0035572341226761542,0.006586680716645839,-0.005370119902552591,-0.002435228142290403,0.004630848896588936,0.0037647621106795125,0.005931666337519491,-0.009126940649960804,-0.0029030524499674645,-0.0089836674536004,-0.002273462620451571,-0.0010560276847449506,-0.001181339458763842,0.006366854048151644,0.000461928977528764,-0.004893705960382214,0.0003095224616232983,-0.003117206086389394,-6.455432040055578e-06,0.000689541169795121,-0.001314144738468993,-0.0002416816247285421,-0.003286429729337234,-0.0072835428213037685,-0.009912052775761869,0.007774336224097443,0.018558746536708085,0.0007663511105499019,0.0066727673205934646,9,0.009917293233082693,0.17763157894736842,0,Low Risk
-0.0029631828328327346,9.767250659328037e-05,-0.003033583134580262,0.009233115136191662,-0.003974978805911259,0.0005968699160507161,-0.003986549924923442,-0.005498099074028434,0.0012398889808183315,-0.000608018400208934,0.006618751456644716,0.001360643575129132,0.0007803494211933769,0.008834540068286075,-0.008858282544065852,-0.005315624651012804,-0.007660021620162277,-0.02564630452018188,0.0028942403504458192,-0.010479601841772017,-0.00802038342633244,0.007094871237397238,-0.004378478840357814,-0.023697620375590416,-0.0027195251509211475,-0.00048316535773843775,-0.0020348138184459645,-0.0006163146076211167,0.0010110286308480825,0.0026531968944298,-0.0070063992864837195,-0.004174815080926012,0.0011222657809848223,-0.000372339739403718,0.0048666479148126735,-0.0077945367106140055,-0.007896275814832302,0.00122121429957338,-0.0006644447533899008,0.0036689636141019177,-0.0016602729047480687,10,-0.09624937343358392,0.07146491228070176,0,Low Risk
0.009526350871096868,0.0014236589266609914,0.004780595232182872,-0.01079287845939921,0.0060970550406738095,-0.01289337845293569,0.05036810654923059,-0.005575516590148969,-0.003462640783065554,0.0005344055922218003,0.003894832050317041,-0.00022620682532767646,-0.0020928407540031935,-0.007716843625188667,-0.007767620263066939,-0.010551444481795394,0.011364258441814696,0.009010675867313783,-0.011442648859659468,-0.004466776124333351,0.04387339620491208,0.01955181696614881,-0.004043171598556984,0.008214993842030503,-0.0009622395174785277,0.004105517893754967,0.003061600113575072,0.0018952086040646032,-0.0009120233196531629,-0.0014950584141724594,-0.006475842334152465,-0.0014226009626845395,-0.0030256202217389546,-0.00013107595416574384,-0.0005850748874315548,-0.007938010046821722,-0.0008763032695468145,0.0002786098912616754,-0.0007253992292992376,-0.00032450103365138934,-0.000948681442863855,11,0.07112668463611864,0.23884097035040433,1,Low Risk
-0.009170155839842806,-0.0001342902833802551,0.005111562701149961,-0.009041368137227243,-0.005620604121861293,0.002530495587703848,-0.001106790772622819,-0.0056257327568070776,-0.004712630192438209,-0.0030705395041059633,0.002021673771747964,-0.00029404611257251995,-0.0013362414484126709,-0.004175819312096455,-0.015025461396065276,-0.006481945879930671,0.0008260813809266149,-0.0009043802440777031,-0.00958429608748999,-0.0038134805211217076,0.017489523861156587,0.010951058918709969,-0.004443960079146368,-0.026410249126867996,-0.002311839778551531,0.003982515443355778,-0.005238804028349506,0.0023756925910078607,-0.0024591741324732543,0.0012059895460051686,2.8704329107541005e-05,-0.0013242668979759323,-0.002460403734135982,-0.00013720936539476022,-0.0021275583560725546,-0.00686832391339212,-0.003723966464198939,0.0003682168038202686,-0.00034353549324463904,-0.0007866118019034402,-0.0006084049756526758,12,-0.09245057582272079,0.0752637098915649,0,Low Risk
-0.002229916436986552,-7.91913679776318e-05,0.00342035001555278,0.00424496509088909,-0.0010141283018278227,0.0028425887377477588,0.0015330453955400955,-0.0017816283385838079,-0.002569643091666169,0.004725184661590366,-0.008914923678536083,0.006292999550445731,-9.388911820489864e-05,0.006559148141227612,-0.018152262389475437,-0.013500065195818763,0.000128203536570129,-0.008058194361232396,0.01121128950360461,-0.004305257259461426,-0.01577709633686536,-0.007609349295968528,0.005649194357242995,0.003181608689844577,-0.004502770770763486,0.006000199129398151,0.001971088427894048,0.002608830381150614,-0.008784047848473133,-0.006999181772285928,-0.0029167856896495418,-0.0007983756472017289,0.00047385617889474747,-8.952463815746709e-05,0.0053952305082511105,0.056681864937111255,-0.002811297969705692,0.0015778007874250538,-0.0005941946707265836,0.0011849668709220087,-0.0003873602595810852,13,0.013713330462153225,0.1814276161764389,0,Low Risk
0.004289163151438044,0.0030908427131760446,-0.008927449714436464,0.01906451019941502,0.01009230172035249,-0.011658475464188696,-0.00512960253045603,0.005391809234722876,0.002818908796578078,0.0009619972974240186,0.011166448212147705,0.006983232851530835,0.0004384928174858898,-0.008726942451972993,-0.008255183873150404,0.018528668941027702,0.01298472620355328,0.0012097255980475696,0.008155005836264021,-0.001563633216279227,-0.011787318148844744,0.00843124040732962,0.0029318664688749584,0.015673770858008317,-0.004866968264388881,0.00489042689365999,-0.010472575446330911,0.015036467824270828,0.0011142617771023394,-0.0028144574566272926,-0.007242853902998355,-0.0018212142121347235,0.001426476970350285,-0.00025972720564427967,0.0016909165891750707,-0.010240367250110698,0.03493786749987319,-0.0035602388528054585,-0.000265489187498928,0.004886070660279735,-0.003929061170578651,14,0.09467364117364117,0.2623879268879269,0,Low Risk
-0.003693096376444348,-0.002635141457548049,0.009800560773735192,-0.009550913221600654,-0.0055442189365396514,0.00017245673168177837,0.0001419181734725168,-0.004011940239791858,-0.0035462042507141698,-0.0006696586786506859,-0.008758390353288853,0.002434738014872518,-0.0007327377738308497,-0.006924495363998785,-0.012902655722342476,-0.011745737171537787,-0.0017790856373600629,-0.005992276470337251,0.0028846538611091758,0.04624633767138113,-0.0001626334816592735,-0.002536945843391598,-0.0036880170000237397,-0.016163252951459005,0.005766986852151535,0.0026847695666304683,0.0005341579773587798,0.0010850379557040622,-0.0025045307061768115,-0.003147317711081724,0.0008313865617981785,-0.004429951531366548,-0.001558495816500437,-0.00011996671260693022,-0.0029259349737050596,-0.010658409108455676,-0.0024866820678552675,-0.00025013614022911134,-0.0032579600034074617,-0.002291596163377746,-0.0034420729768407264,15,-0.06552745070222726,0.10218683501205846,0,Low Risk
-0.009269109456049748,0.0006307396248434072,0.004611660068044012,0.003771616756143909,0.006953538915391206,0.022123539934299854,-0.007604879861509516,-0.0016617033348815622,0.004348286744589415,-0.002486710896826516,-0.013005132568731875,-0.0005258950592318864,0.0009373989617085847,0.012112102780010013,-0.0005380179078422416,0.05146411526647144,0.02889818018071534,0.013449692309405504,-0.00604910276903155,0.036015418502730774,-0.003916223278720131,0.002299665335482328,0.012197535458431136,0.0052057898607552845,0.0073437802459300336,-0.0020213229778777327,0.004933959060216065,-0.009067030537292487,0.0010678011629618928,-0.006264765802387369,-0.0006960582922009102,-0.00034313011921679895,0.0006414847348718289,-5.1391799412776674e-05,-0.002994885500664369,-0.005472393248991062,-0.0026934365794147666,-0.0021703573621152457,-0.000522133504477391,-5.6594080101577586e-05,-0.005953173823167339,16,0.13564285714285718,0.3033571428571429,0,Medium Risk
-0.00248933298891751,0.0004329079879533471,-0.0010072636088460111,-0.009809383087590549,0.0018285210783324363,-0.003917293090689106,0.0008035533178331765,-0.0025480505330398953,0.00024097515418065827,0.000837863266066189,-0.012528979500880517,-0.0005882509543855582,0.0008844044862845978,0.007755892264809383,0.018993976827301848,-0.006784153916611507,0.021496550568878312,-0.010559184571302043,-0.011459796692904365,-0.0002905567194565143,-0.006605053002269307,0.006764796713431858,-0.00842697447524833,-0.002991381329583887,0.03306279478614097,-0.007953550167090841,-0.0064271227083931666,0.0033403931118413184,0.00019554717043063246,0.0068853624795919294,-0.0003288153731484034,0.0004768599890606869,-0.001337077936146984,-6.684560017747232e-05,0.008397927459115571,-0.009648908064202457,-0.004284294067877193,0.022831692269306068,-0.0006677692876610794,-0.001154885970369207,0.0005246039643532127,17,0.02387969924812029,0.19159398496240598,0,Low Risk
-0.0007052391437166313,-0.001720105106236621,-0.015627896397213747,0.009168360830185343,0.006259072322061927,0.0024333537841948125,-0.004492926085886403,-0.0068519356792183074,-0.0031609870033818496,-0.009454833564384212,0.01571794111902605,-0.004540077869053745,-0.0014193014169591046,-0.002289208565474364,0.011312060228195944,-0.01537795400801869,0.024488667329688248,0.014689808193411326,0.011889161420727955,-0.006704829788377117,-0.008923673945394216,0.012746064088332202,0.010157857452908406,0.02171881729664529,-0.01569504285182542,-0.002669251234768617,0.004003838344849773,0.007040334052336425,-0.0018994551086547312,0.0014217415364283946,-0.00284308244108759,0.00034289936942814565,0.0014306167950956005,-0.00012565004140328666,-0.0064872180886819866,-0.014245725572013538,-0.005846496191591251,-0.0006341269904512803,-0.00023880373344220172,0.012357190578953086,0.001982385291115233,18,0.03720634920634924,0.20492063492063495,0,Low Risk
-0.0013819097759627773,0.004076458999874338,0.02043113616143457,0.0054843890178346705,-0.0003505674337483565,0.005927162456992556,-0.0006955385950006426,0.017395364726860162,-0.005872955350481987,-0.002427145948735359,-0.0007112884762678348,-0.00121474519038655,0.0076161578570506875,-0.0073381186187038054,0.005328469742673307,-0.010223285267523089,0.0179514843815889,-0.001915058332048324,0.011584547924176979,-0.00031132911524552184,-0.012472683904676507,-0.015983966562171242,-0.004891781535531819,0.028519110020889096,0.01274980437649394,0.002649113376417317,-0.005745804389601156,0.00853671198728694,-0.0029385493911551954,-0.008904260849528351,-0.0025350682069244803,0.000326721632055283,-0.00032155899041263656,-0.00013237284324906973,0.0030382096696383964,0.012916210096343486,0.0230164065174845,0.008749822014573463,-0.001473194386545127,-0.0018907822583764922,0.009534893371676354,19,0.11610020890906862,0.28381449462335434,0,Low Risk
-0.006001381795233486,0.0007230512130139448,-0.009296001579944119,0.008521849384338007,-0.0063399339021043225,-0.002351180473780509,0.0007802429813028593,-0.004756309605283089,0.0001874290205767533,-0.001889474657060926,-0.010625544379644544,0.0011777324347828427,-3.9802722070079614e-05,-0.0005078456632987661,-0.008555427039948198,-0.010757890005698835,-0.010637397641944437,-0.005575677572707604,-0.0013396208630461395,-0.00853078556422478,-0.01984956132987993,-0.0023417860471060116,-0.0036821715234804046,-0.015232929168581032,0.003426863977280204,0.0029087212130160366,-0.0022864872533211195,0.0008314071074798774,0.0008312614168657264,-0.0036399048312718,0.0001553084101180006,0.0014995082721668464,0.0007651954020341897,-0.00014970862079516652,-0.006588597339943322,0.0056393194604596195,0.0010375534800652296,0.002973578682649665,-0.001388790890114142,-0.0011984788154740156,0.0001744508448075421,20,-0.11192921598499946,0.0557850697292863,0,Low Risk
-0.012357419551124392,-0.0002877360392548944,-0.007643348028920198,-0.00852515113055729,0.002796492990259675,0.0026352358942009217,0.009885499140748506,0.013681490975100958,0.0033950584852640124,0.00029803542657966806,0.004832619829910488,0.00023667420391287696,0.0051847798641922235,-0.007874192644805858,0.0038354957172768434,-0.009491984107539677,-0.014949382514674881,0.02454767342486031,0.009625491699855292,-0.010257508636381774,0.044151206934837026,-0.004047273806739593,-0.004852487678017219,-0.0024113726656018655,-0.004022395084228278,0.00111410806658529,-0.002919769982700994,0.008107666455075893,-3.602857376832779e-05,0.0011768704119607155,0.0004156118213011449,-0.004218694572274556,-0.008857478917343183,-0.00011907511700192335,0.008751259268175358,-0.00662113861617788,0.031564355321188876,0.013123690131694973,-0.0002955588753774301,0.003917064114210357,0.004655458372348443,21,0.08814384200704962,0.2558581277213353,0,Low Risk
-0.022013104412336015,-0.006829077239870303,0.013744363570094856,-0.0026590399735223194,-0.007373880514847273,0.0017068544247213241,-0.005231365976777081,-0.0025376572504266894,-0.00044570994573427195,0.0005112711535938344,0.025587200340201385,0.0010854122640299828,-0.0011260003759741538,0.007567648140095448,-0.01261921355923596,-0.013021178908779421,-0.008984998923752052,-0.0003251744073433226,0.011084124771111533,-0.004736652609017659,-0.007764868663371894,0.007665764014912298,-0.008561089078496408,-0.019499669276800764,0.0018986046008632948,0.0021389122624006856,-0.002025702935377961,0.0071831292339974324,0.003170321250223457,0.0026583549261102566,0.001085079750802161,0.004027545382634213,0.0011013732023177159,-0.00011629565063898511,-0.00868985604064458,0.004659545037012478,0.014810306599476974,0.001752238318222095,-0.00030633810463140805,-0.010397012741859663,-0.003007224792228742,22,-0.0348330621388455,0.13288122357544016,0,Low Risk
0.014398440925931058,0.0014398898085802253,-0.004229952602339686,0.0046413502422063884,-0.00789792673785223,0.00027841671740414886,0.002389896489725913,-0.0027774395870316057,-0.004918392837203663,-0.0017397135424528129,0.004531345239087067,-0.00015968924908486118,0.003817980859208109,-0.012506070253756527,0.0005935820523326471,-0.010584314756575813,0.0016210820387121108,-0.00687263815565091,0.004786886220495618,-0.0027342111167532263,-0.0002983430046723393,0.010465243128117283,0.0018497791145707736,0.01418528575910055,-0.0025213497303739007,-0.004173811790634275,0.002132661698832047,0.007156888254771647,0.00318335318303925,-0.0007813054338150988,-0.0007426012711347206,0.004469414649363882,-0.0004477063872708501,-0.0003746279015849317,0.0003448702113668583,5.3772158333087526e-05,-0.0015504342764098376,0.002781015632557177,-0.000501411438539237,0.0007308457985226964,0.004434919713315468,23,0.024474979822437477,0.19218926553672314,0,Low Risk
-0.005610018704365677,-0.0007704038427343675,0.0016518281866534877,-0.004941722435338471,-0.007015584457918437,-0.008497914386927716,-0.003927320750484107,0.005665995881670178,-0.00027917414543067795,-0.0024873108098178334,0.03191503783728318,0.0006708552020111257,-0.0005091125609347392,0.01098153912936249,-0.004711383205097932,0.013634091347648598,-0.008850064898366502,-0.007245324807596565,0.00838411608763696,0.021812580002601625,0.023492326990624837,0.008568754315396342,-0.008649839193077042,-0.023188282216919456,0.011262388415901721,0.005631741208408047,-0.005992320285603777,0.009306947089868319,0.003079198257742406,-0.006482845115440431,-0.0056938883552978695,0.004654076585292665,0.0007429489452734288,-9.334591922654283e-05,-0.00817408376362828,0.016559058247819756,0.021440899323400243,-0.009086187368440048,-0.0003387164798621741,0.00473068017078545,-0.0023045052371579874,24,0.07933571428571423,0.24705,0,Low Risk
0.0013913539468869273,0.0014563899075013963,-0.018686599225680476,0.012955363423178603,0.002143399832519031,0.007354086786084327,0.0064458312573818745,-0.003817275617572593,-0.0003237497090502943,0.001223651859673966,-0.008574447878402844,-0.003125663120547807,0.00023374095408693489,0.0043024019691974705,-0.00038714612285429086,-0.0073118255381691526,0.006287286790181492,0.004247299638378497,0.011782476434585059,-0.00887190323425575,0.0021112009143747553,-0.0072952089771000555,0.0005758221419228729,-0.004798085667173229,0.006217241518254496,0.003288532455582346,0.00025894974594987095,-0.006598522683691625,-8.863988983917628e-05,-0.008996245367038868,0.00016817156278875988,0.0014807568677051228,-0.0017247069144940002,-0.00025340906411981895,-0.002534083460882836,-0.0022872276088473685,-0.012502784436944296,0.0009749530022608718,0.015557079549487872,0.0009845115537950727,0.005813047828738375,25,-0.0009239745761484893,0.16679031113813722,0,Low Risk
0.004384721497709424,0.00130780464945479,-0.005984154460822685,0.012350598421256236,-0.013032385232812858,0.004737296365118401,-0.002205213173354928,-0.01385152368046047,0.018138248501913208,-0.004997790149492408,-0.004349305398833649,0.0005206792354451658,0.004309916378858849,-0.004858521558956161,-0.007199740869340306,0.015133909920290454,0.015106918497380488,-0.010003596839212796,0.011112721865119895,0.009530613457392322,-0.008344948666417122,0.0032928802835685608,0.01598235144535558,0.018361406321324512,0.0076965736470651,0.011175011666646223,-0.0033272560223101396,-0.011032050869047698,-0.0010293681848126252,0.012494414435924622,-0.0004827505323628824,0.0014456778885426288,-0.0017825485935358898,-0.0002444990752057499,-0.0022510633885334903,0.0007070907807935231,-0.0008702407313812951,0.0008711227812137442,0.004713417251591752,-0.0026839347489417847,-0.008186697950911473,26,0.06665578516521907,0.2343700708795048,0,Low Risk
-0.003403600532064994,0.00032829035794635237,0.009906911595933652,-0.0067242688713027715,0.0023304149439173937,0.0032778481488536133,-0.003224068584413337,-0.003966200318549016,-0.0035826055345439677,-0.0009278452663360472,-0.009301786509290682,-0.0017089197484581322,-0.0003812008449089534,0.00031171551825988727,-0.004355061886627587,0.017744146052467852,-0.006635516111424238,0.007508521675448115,-0.008030032044659638,0.0016645966320423366,-0.00919855419345183,-0.00915082243090449,-0.008954790073830625,-0.006955318968940947,-0.011977237940031,0.004192055291244988,0.004998942351772126,-0.0059813151672965205,-0.0018463912416704907,-0.0013893493062141487,2.755136168011192e-05,0.005341943269069812,-7.573540546246755e-05,-6.219817008360618e-05,0.007318542331488972,-0.009306948400850359,-8.83558503249381e-06,0.0002957154831155908,-0.0008116918299881759,0.0011330878589930478,0.001030506254030737,27,-0.05054950584007193,0.11716477987421385,1,Low Risk
0.006739175401739644,-9.46421135655531e-05,-9.218708203973386e-05,-0.005899737893877381,-0.007989417871976075,0.001594432530155941,-0.0020572915022335496,-0.0016268127851196698,-0.0017068960165564499,-0.0022664155448203554,-0.0035445084394353475,0.00473102222594125,0.0013217902882504814,0.004378165927091389,-0.010585380013873982,-0.01682338628172569,-0.004048980251345488,0.00416061902997944,-0.015827680237260885,-0.007901018152918106,-0.01560742007541972,0.0027290303516004084,-0.005755503853532799,-0.015366589608890705,-0.001293578391465823,-0.002087220005599709,-0.005877327053999467,-0.0037830536388966047,-0.003689526186989595,0.0006384314061530012,-0.0027311601131702603,-0.0028173328867618923,-0.0032401014921549683,-0.00010854696754021273,0.005680839846914667,-0.004397575135450517,0.007995764199532506,0.0005378673046390809,-0.0005867591842973649,0.0005540673864053941,-0.0007508617879665281,28,-0.10749570467048124,0.060218581043804474,0,Low Risk
-0.0030681674660728232,-0.0012688249187259516,-7.41310806046439e-05,-0.014127640583094245,-0.011558998832928595,-0.0014169199658963956,-0.0017275736846172527,-0.00458849263180962,-0.0026766575334582652,0.0011271701167335814,-0.00863792320220847,0.007180753543288546,-0.002653809721257114,0.007200822597185619,-0.007150639636644422,-0.0024998217631160983,-0.003025242452545238,-0.012063333699567816,-0.0033318128182539463,-0.008181125176826674,-0.0027215681327854343,-0.008142873904578055,-0.006367265108507219,-0.012394774164205159,-0.0005229706956792268,0.0015130724091906489,0.0013541300946981422,0.0029750582525535853,0.0002533355628280063,-0.0030917369251085127,4.974648613056872e-05,0.0014741521191579923,-0.0015947526270448766,-8.59148447508355e-05,0.0038110514908488453,-0.007314382232214079,-0.005711699427227012,-0.008132291139148989,-0.0013235530944621656,-0.0016099417884854969,-3.615998416406037e-05,29,-0.12016170656337316,0.04755257915091256,1,Low Risk
0.0024332927760977808,0.00044510096821528424,0.020054083798994822,-0.005473011939826771,-0.005616858316120214,-0.005588217906600622,-0.002029893404490361,-0.00487988444532956,0.009283863966603672,0.0029434526257802714,0.00843920945099311,-0.00466282148613411,0.0007164383267132882,0.0001005759185043805,0.0012216602289284286,-0.00565887929998074,-0.010970870926794071,0.002135155473468374,-0.015249541234866262,-0.010156089374088368,-0.014023840350209335,-0.007293523568270912,0.0082208554018292,-0.0002997397748666509,0.008975528858775351,-0.0043166738835974236,-0.0071196824063599,0.0024416142478698435,0.0007010754390025742,0.00039045249312941123,-0.0009244775198469009,0.0017992693036224167,0.00065771370749126,-0.0002491311747992228,0.0008072131787802364,-0.01399187053088163,0.0026034059346826373,0.0017505892118891162,-0.0007022106391760428,-0.006841793806483556,-0.002359499473267984,30,-0.05228796015061917,0.1154263255636665,0,Low Risk
0.005043526095343871,0.0007161780791135046,-0.0011391092471103922,-0.005026944961709015,-0.010130142866094236,-0.0029822252853276636,-0.0017382487066212981,-0.008974300856802694,-0.006210120998318963,0.001130787265755901,-0.008898044517968152,-0.0017958918715565025,-0.0006721115759892539,0.004075927704589059,0.016714914326600813,0.0002643736082864176,-0.01015686924981822,-0.014537943706793316,-0.0025641147281334586,-0.0032078568624897778,0.00021340058491327443,-0.012900381211286893,0.0009649537577387221,0.00831426246575586,0.018360088485440698,-0.004332658107208664,-0.0021460997437362833,-0.015655418912329213,0.0008729655332996867,0.0021100301574468704,0.0008405438671131346,-0.0038431692168183476,-0.001368821230859297,-0.00023019981052914003,-0.009165670524167379,-0.006771381645419951,-0.006027594812910041,0.0007696397630717057,0.012895491149340651,-0.0002855932758981101,5.1943028619068704e-05,31,-0.06742188805346704,0.10029239766081871,0,Low Risk
-0.008459220103352975,4.599319625356215e-05,-0.006074954193352342,-0.007174908219206432,-0.0012851026655262294,-0.002755590555791557,-0.006171509964243391,-0.004417971021091171,0.00014011394904150113,8.897937275149017e-05,-0.0014851139984757157,0.0009339229072544895,0.00047458509771934935,-0.005446646769658058,0.0009808695125266393,-0.008414160054914712,-0.007010417522828697,0.008501445148045607,0.0054444134139051865,-0.010252312695236358,-0.015433393536798921,0.006871885245139642,-0.009354640479386734,-0.014485390070580691,-0.0031187824957185804,8.784243588926258e-05,-0.007619464904138193,0.004519684075373005,0.0006491836788421973,0.002756153695524297,0.0004003263844845636,-0.00439585342399692,-0.0026880404054383886,-0.0005242330619150142,0.004325396100108284,-0.005322035536534569,-0.007033335944888338,0.0009685615705754352,-0.00030025339859232397,-0.004192606896387089,-0.0009336581687297957,32,-0.1071602403033487,0.060554045410937,0,Low Risk
-0.0035441900509151783,0.002311432366141227,0.002076011413880519,-0.004945375471042675,0.0019941450332166518,0.007965423475624256,-0.0053943750019347664,-0.003755215358568993,-0.0018095152870888898,0.0008237560666255841,-0.01836861752241771,-0.0019133835471317935,0.0006664088664213179,0.007626832007576761,0.01694338631742965,0.013459522012414599,-0.008679290881896978,-0.00570494554153428,0.006717021378760713,0.0007205928549064892,-0.008540054430099461,-0.00334505051585317,-0.005026476081467828,-0.031536874827976236,-0.0014943438600580603,0.007860716994122892,8.761100319186969e-05,0.00240923979199146,0.0002433184073260418,-0.005332712190691483,0.0009499599064943155,0.0009372781552939515,0.000753536425982168,-0.0002472126755489351,0.007554483965983124,-0.011637989309154818,-0.002361290619333782,0.003522189774898119,-0.0009158328584236025,-0.0034502156415603417,-0.0018960607547172377,33,-0.04427615620913451,0.12343812950515115,0,Low Risk
-0.00416348889500704,0.0011532335659158247,-0.006354489621115183,-0.00842219368442707,-0.011089349016801411,0.0025184466413018677,0.002362801983738496,-0.003190426778492682,-0.0019369821061092506,0.0017138028511053628,-0.008349511189489147,0.0023056269749537036,-0.00017480908717418684,-0.0003322585196981126,-0.003019479444744198,0.011088332570418136,-0.00421608595238633,-0.008446427230340763,0.004527642096560592,-0.0043041394656209726,-0.012668856433367926,0.0032111670809742273,-0.011454115903683294,-0.025371444208782644,0.00653339166362259,0.0005290726338489971,0.00042007476055628347,-0.0037974191118531875,0.0012427065663586532,0.003785648125155546,-0.0012408243251704073,-0.00374786869824728,0.001404283948880168,-0.0003228365548202367,0.0015874790403370325,-0.01215470397322738,0.008071237608275914,-0.010707579774328572,-0.0005585103777317626,0.001979965970100749,0.001473110720528836,34,-0.09011577554998607,0.07759851016429964,1,Low Risk
0.004980170139114555,0.0006404949565900255,0.005750098357009542,-0.006720042260275042,-0.007574402161646745,0.00039483074027579914,0.001394452047785312,0.03950435558761224,0.0006721317219582101,-0.0006899024649109796,-0.008334000838486219,-0.0005986817504435156,-0.0013270348293216495,-0.002937668964431962,0.05473454832376945,0.03690818518226377,0.0024391025402578865,0.018438379998946187,-0.016892079852022977,0.061048912702802154,-0.0060934961300005315,-0.002651560052874878,-0.001407679544163576,-0.03279856919932289,0.024911420324291746,0.004080838871938158,0.00020753538513026696,0.0051937553389854495,-0.00028404187120926094,0.0024178674250804207,0.0019097047218765934,0.0011495049645059894,-0.004008724053505932,-5.7825994954796065e-05,-0.004024205497806201,0.021091844443713172,0.028404170684973237,0.005733891196814045,-0.002179783778252104,0.001719394827861829,0.0032256816316460993,35,0.22837157287157286,0.3960858585858586,0,Medium Risk
0.004015535859127435,-0.009860671496833118,-0.010039015885780772,0.0026811547726924728,-0.007171864789823744,-0.012939863448932273,-0.000647220312164029,0.043469141992086735,-0.0007559693083834644,-0.0004809491058114477,0.026493012801935042,0.004411759612306565,0.0007559241174096128,0.012118370035188399,-0.011559535277949428,0.016410813351239856,-0.009428568346034448,-0.004967772424478301,0.017867116473833752,0.0021540050150481863,0.019274907213550213,0.010335585754997486,-0.00468474375938762,-0.02529134212644872,0.003892431369054254,0.00024353684045317074,-0.0025751327485198676,0.007777128233755955,-0.0027839691373811575,-0.0009922127598270265,0.0002469850111850438,0.0029120090565367346,-0.0011099132875001796,-0.00012112653852193601,0.008120111844364146,-0.006931719978520332,0.03738955947990126,0.005423930011256742,-0.0004485249736291927,-0.0015453919646452009,-0.00167368368208938,36,0.10998382749326142,0.27769811320754717,1,Low Risk
0.004193935281509309,-0.0030275141639370916,-0.0002046135834463778,-0.0026479163596170733,-0.004275892883601936,-0.0024614881591154027,-0.004198329187590268,-0.006740250748301043,0.0026662585436764024,-0.00051126310100996,-0.010763328874690737,0.006903850586608368,0.0017190451718510616,-0.0033732398813270483,0.015000678368594112,-0.007564539174267706,0.002901254823978699,0.003444776245403519,-0.013907677214415413,-0.013440153001109009,0.001956018411414186,-0.0001148922832955536,-0.00837315116171045,-0.004336650908437255,-0.02566309424886238,-0.0007742359397549655,-0.008189044342310678,-0.006814209631570415,-0.0008217768601071858,-1.997734354887201e-05,-0.0003638814517989313,0.00017317577043739506,0.001291327384718802,-7.934811928940497e-05,0.003406967117636217,-0.005063535768934801,-0.0013696351495314976,-0.0048739793384542165,-0.00012629713277676955,0.0021946870838881393,0.0008196735843022996,37,-0.09342826763879393,0.07428601807549176,0,Low Risk
0.002292498639803782,0.0002493962517448157,0.010174668626200851,0.006157112058014289,0.0019221603171501594,-0.01076474879445667,-0.003340494349836816,-0.0033225570140181047,0.000766643704302083,0.0023040840567095785,0.00799888340039177,-0.0012160485662170452,0.0003759084304176665,-0.007120427898640181,-0.00824636293056012,0.007689805491068371,-0.007622855208921841,0.004274837282702815,-0.008797716583748309,-0.008010509034306447,-0.015925390928006936,0.014288028089519275,0.007204607033650452,-0.014876631294115532,-0.008638072495794319,-0.0010676161214049952,-0.001745943917101476,0.008499505408151026,-0.0014514027235422015,0.007264532986609803,0.0006131066339267133,-0.000610596546196141,0.001940090189243491,-0.00014603131131522934,-0.010109667312174152,-0.01677171384351316,-0.008772715712907641,0.0017708104784308148,0.0001352189109190909,-0.007866458672199081,-0.002425115788738515,38,-0.06292717905875805,0.10478710665552773,0,Low Risk
0.00170452078384696,-0.00048512131533594397,-0.00614653292622679,0.0027741314557401145,-0.013564038312587724,0.004614940691243617,-0.0004729437853136743,-0.0028945860516680602,-0.0016590655418541526,-0.004386009773147072,-0.011795449163419174,0.0010803053538486396,-0.0002747174793494033,0.005471320317483079,-0.00035141560800922456,-0.013899549988090138,-0.0015490613593381948,-0.008383150030997735,0.005739260858844853,0.012509998278586952,0.00809051659304716,0.005275743316202782,0.01907291120779293,0.007026600396615083,-0.010390085238474261,0.009327377952579364,-0.00025147031980599094,-0.01752039141669526,-0.0008319309748516079,0.003825052659991573,-5.4272881437083564e-05,-0.0008963179807404344,0.0042335177469883835,-7.298038592600965e-05,0.005210804091675247,-0.00529681546064355,-0.011887616998089325,0.0030590614988261163,-0.0017287324301207769,0.0013740905216260673,-0.0017608805215829366,39,-0.016162982218765602,0.1515513034955201,0,Low Risk
-0.00016286009101273752,0.007841545061458935,0.008552764295283578,0.0046112512078900735,-0.004054310090978842,-0.008375759571755978,0.0033119685801699986,-0.0032350487913259955,-0.0007643130475466565,0.0007574993727951865,0.02159621480194419,0.006873888852310755,0.0005239394605917257,-0.009363187023677007,-0.012234889172493326,-0.005308282459837028,-0.007239984007092587,-0.007767429942291203,-0.0012604682150985978,-0.008883975738212948,0.020730473589557773,0.011020810511633786,0.006850996513796105,0.00881193267222903,-2.2323955818216736e-05,0.0033321203983227967,-0.0021208264363285156,0.007595785324241584,0.004538485653304652,0.0028611761133953252,0.005047985673729504,-0.004139063435458377,-0.006263098759027857,-0.00012709106171046572,-0.010360571410343602,0.008483580892663179,-0.00830080533588199,-0.015303811151378844,-0.0010364230260242464,0.002453311180278982,0.002088316377221627,40,0.021559523809523765,0.1892738095238095,1,Low Risk
0.007214780875310378,-0.011368548104613433,-0.002461613161338701,0.0009748250528469645,-0.002321749716159131,0.001033077009832032,0.004463726232462064,-0.002053201570952936,0.0030324599196252604,-0.005968996540215503,0.010282527276720589,0.0005545152044409258,-0.00028193551682383647,-0.009209186119895145,-0.00022660017548633692,0.0031849978004785786,0.010159927365274185,0.01040861368712976,0.012433337050935191,-0.01778170169583604,0.028754128167578833,0.005269443458823325,-0.007998722380033458,-0.0018532254710056438,0.005926023705597161,-0.007335873176817909,0.005588841094338899,0.00303539368150735,-0.0034190242953166926,-3.0197167673474208e-05,9.39708301830415e-06,0.0017355980000535968,-0.0007364465444247378,-0.00019448065734613938,-0.009480882614121333,-0.002783889607863465,-0.00725056111584951,-0.0008117498784283453,-0.00024277757184475602,0.003129848004889359,0.003394229533337016,41,0.026774327122153243,0.19448861283643892,0,Low Risk
-0.0035353604051567037,0.0014196849163367108,0.0024832190068494026,-0.017173853493856184,-0.0024616824432698026,0.0017531332479368547,0.016695628037296163,0.02555406816550322,-0.0006455626333298916,0.005707308909707572,0.013294008697216518,-0.00016463334652208912,0.0010869083459791665,-0.008974424335404881,0.03594451426822401,-0.010748759269924158,-0.003387772163688544,-0.0008377114167253149,-0.011831227246213272,-0.007114809059466885,0.05316607766729678,0.013610134938899914,-0.010327469676743476,-0.024310708581388996,0.008936451375353014,0.0023685403271938034,-0.00457239407619874,0.01013127403439351,0.0026108989170941085,-0.00127300986873138,0.0018645081169458395,5.533984145469521e-05,0.0013047407784267191,-9.000768690023403e-05,0.00042326019796884223,0.012378115016054217,0.026446025985845074,0.0045760425048884164,-0.00043739089547667134,0.004268083733587475,0.00298341274314841,42,0.14117460317460323,0.3088888888888889,0,Medium Risk
-0.0025345351821519846,0.002955312825947824,-0.0013618453312509108,-0.0010059413140518292,-0.005992138876037134,0.0028365433082003857,-0.0009502956493354029,-0.004126140414427107,-0.0031878834121940474,0.001503637341379323,-0.008238884683813359,0.003437830346896988,0.00018051817332077856,0.005220695843772146,-0.008577821200790755,0.009643356201267776,0.0007001436991667804,-0.0039651711599611485,-0.007229597588551888,-0.00022727658341379335,-0.0035177779268594626,-0.007700874821152937,-0.006607810575178565,-0.03184691713192234,0.0011080665610683636,0.0015748286520453824,0.00023989823685964515,-0.0056598427927311255,6.323336579454386e-05,-0.006148492303221598,-0.005387986228838688,-0.0013875758632400982,8.743429738370158e-05,-9.07405178200207e-05,-0.0019691168507745475,-0.011496854198828949,-0.009630817283436146,0.000616681694359367,-0.0005540419766048855,0.0035703173945743952,-0.012256403789734364,43,-0.11791428571428568,0.0498,1,Low Risk
-0.007367119870469974,-0.0001869676204616828,-0.002734417259754763,0.006934814931617945,0.010283250266908309,-0.011183432741088148,-0.0008453719554265607,0.03462842376096563,0.000566776683483367,-0.00014753924437665246,-0.012207634741260414,0.0015084917485244178,0.0023846255607701213,-0.012011800033283873,0.0222453816430525,-0.0019262294324507538,-0.0038747773811790764,0.002957273287649874,-0.00030207483880485787,-0.016579043091398443,-0.0207998247119094,0.004766693155482263,-0.009088859394595373,-0.028479299055556892,0.003357202321902563,-0.00045401868071347933,-0.007734965637830866,0.007821454683420753,0.0003985331299423664,0.0065525733050089754,0.00019431831979183238,0.0008825948596123754,0.0009726703221816481,-0.0004455687142942997,-0.002182541703956875,-0.004603409788443733,0.00474249167029523,0.003762667149534162,-0.00045779094776192495,-0.0022953060437414193,-0.0010793951227465357,44,-0.03202715121136168,0.13568713450292397,0,Low Risk
-0.0014202381967831706,-0.0037166268474596326,0.003973346909439999,-0.013618573039686636,-0.0012253783663998656,-0.0005930501216698076,0.0049073100135494305,0.003895241820206938,0.0025326698763062892,-0.0011975877966595538,-0.009315471916605676,-0.0020569023559063983,0.007211727785467238,-0.009176859725951456,0.0014686110817522264,0.02467908060461506,-0.003817539618464341,0.008049543017387063,0.008781043616569818,-0.004647588042094572,-0.00614827371682512,-0.008348707387874164,-0.006349758032120033,-0.03162091357952406,-0.002067195954009123,-0.0009077385352801235,0.0010191932903868936,0.005077490520886447,0.006193591015761863,-7.379790474141954e-05,0.002230890485507786,-0.00684150704150126,-0.0003915181023311522,-0.00013270860959844086,-0.012330899379116085,-0.008496972323032587,0.017711794962898455,0.004259350896147901,-0.0002918517550072746,-0.0015144117519579905,0.0038588032513355948,45,-0.030452380952380943,0.13726190476190475,0,Low Risk
0.034021251062011204,0.004320125520265802,0.014607028339219055,-0.0017649625168134101,-0.0031844048757863493,0.0073644200424365985,-0.0034905354872911487,-0.0037128101065250336,-0.002518675748325789,-0.004563627239779547,0.029810031616842633,0.011787206834305697,0.00016424701643922326,0.001499065549118501,0.0014510669589050398,0.03409076198892113,0.0017323382058033589,-0.005250713553185144,-0.009406587440867564,-0.002871132407525126,-0.005998533373983149,0.007786695326494547,-0.0057713369746237,-0.014634991977809502,-0.02076665338159447,0.0031611884262406783,0.0034041353205151166,0.0069893084538892435,0.0008378237016581453,-0.0015326407845310196,-0.0004799571482488621,0.002107438877874295,0.00024526984521965316,-0.00011344258564709303,0.026046247748543715,-0.009941727090930087,-0.004830052379322648,-0.0009057451564515454,-0.0005051259839448603,0.001648193788779716,0.000426556392887107,46,0.09125674480318442,0.25897103051747017,0,Low Risk
-0.013494855561220527,0.005391502003687428,-0.00461531050522817,0.006243795391180497,-0.013093641667202753,-0.007477943518139269,0.02711476967887563,-0.004260610600197199,0.0008214347632560037,-0.0008713198352240938,0.02705876893004264,0.0004160682097324471,-0.0008969509561096146,8.081942342571405e-05,-0.003857951544138849,0.0038058693003153363,-0.002281452658419382,-0.005985359581008156,-0.011224517661415644,0.009942030919863221,0.007963226194166478,0.0016033043649950583,-0.004076977381347084,0.0023931648396778747,-0.00023928039746954656,-0.00855437285492068,0.00286878663807976,-0.0034979031768992584,0.003358012374245887,-0.0012871076803591338,0.00020539943463817814,0.0006760620341361764,-0.0021825333752015807,-0.00011246201899257468,-0.004343546889493581,-0.004965335969301154,0.001521433441517979,-1.4036255408998407e-05,-0.000646531754585119,0.00510858449644143,0.0024193917642531216,47,0.011012422360248492,0.17872670807453414,0,Low Risk
0.005351114987849256,-0.001181616202977053,0.011461575285416642,-0.011153108498260407,-0.009734251813792914,0.007614910328870495,-0.001460734540247082,-0.007246356050365219,0.0010388936633776503,0.005653248499748456,-0.00043219198973216673,0.004972178199122801,-0.002656124337143013,0.011593806471605477,0.0371580736607313,-0.006142046534175979,-0.015759735518021265,0.008539516771308622,0.0019611890032355276,-0.004706454423471591,0.04975795052198434,-0.002813002545489498,0.008405877397816572,0.0018178518122888092,0.005397856932010205,-0.0025902235656190212,-0.0032152116257666424,-0.0011330136382077655,0.0027137224015865947,-7.963422195067946e-05,-0.0007982444842123618,-0.006507828318094601,0.0018179010615708422,-0.00010762238453901752,-0.0026282893218969334,-0.00970434561886737,-0.005540392822748184,0.0041292270879017805,-0.0009823560442069918,0.0017677155670080468,4.4195490181186155e-06,48,0.07458424470266578,0.24229853041695149,0,Low Risk
-0.0014990720517810091,0.006543994203479429,0.006161567824473304,0.01605650463050764,0.007551455049555801,0.001367392152765826,-0.003309167700611183,-0.004638747986303046,0.0029077265507780857,0.005234325453026297,-0.010473475761070947,0.003601752584728773,0.000625417519552693,-0.004435997526958029,0.03739772676102032,-0.007146801753176043,0.021204941781669803,-0.005434566453990558,0.00031432930745725336,0.0009745793017066117,-0.013539654833939799,0.0021073613567582482,-0.0043615812103279285,-0.0035127038758786034,0.001630762863531459,0.005366881757687774,0.0060224820602182635,0.0017149192234562954,0.0005576019581755699,0.0019901443185067493,-4.220294570769159e-05,-0.0030690789583843994,0.0011373714347813915,-6.532715871226762e-05,0.00026885637204798225,-0.005540186570645918,-0.00024537617671643137,0.005394381009120899,-0.0012573590541327523,0.0013634830278584408,0.0022713560272757376,49,0.07119601451180403,0.2389103002260897,0,Low Risk
-0.010513438683563922,-0.0018023982816165961,-0.0028183676370853346,0.01150500083166893,-0.002414879946468283,-0.0005651906182461653,-0.0025445657281296676,-0.005438664152605695,-0.004990157233565562,-0.010381892681155216,0.006968538234342783,0.00468124824146081,-0.0011206251244706908,0.010360910677744934,-0.007193216088437495,-0.015518923774145132,0.015221799236207803,0.003794720925619141,0.012176583770273811,0.004072470013179275,-0.004023299947272417,0.0032489233826755743,0.0051391125954517655,0.014597579067769102,0.0126631076893714,0.004626884261343082,-0.004518393104521814,-0.009664312081572602,-0.0015569318742121657,0.009193801464895441,-0.00019008578528776374,-0.003558413133486093,-0.004227979294247462,-0.0002618303989203243,0.013505454271204543,-0.0012223352906643836,-0.010852879609408532,-0.0021869639683419423,-0.0002498891293502667,-0.003167402689384888,-0.004322289956239481,50,0.0164508084508085,0.18416509416509413,0,Low Risk
-0.011435507985507189,0.006699372141572557,0.0011870983350352954,-0.011264069269967356,0.002859527708398028,-0.007876085467032215,0.011695960227032008,0.0015898896474961107,-1.2557592230563755e-05,-0.0008766812867720431,-0.012939505355347434,-0.0017076822135277123,-0.001859561712947127,-0.004896518242455999,0.0016535093220135853,-0.01237960932550017,-0.002414108488056273,0.012825930405787875,-0.017193112063184947,-0.003582400193579821,0.03277318162650049,-0.001275560724511326,-0.004000033509326683,-0.018597031718846902,0.0012748903309445139,0.00025736001487355756,-0.004846752890967881,-0.007055704545671489,0.0010749892755501735,-0.0027658629409509534,-0.0019677659205626316,0.0005428115082303177,-0.0030594567155341366,-0.00010332939117388126,0.002665904761633583,0.002585119498249894,-0.011253620316664667,-0.0036621211058301658,-0.0007710303494114788,0.0014777600507048143,-0.00028192124274738884,51,-0.06691428571428562,0.1008,0,Low Risk
-0.004239257027915049,-0.00025546966115502084,-0.008318482494674819,0.00383337295782208,-0.001124225178333326,0.0036966726133234027,-0.00480740058148769,-0.01775682715735725,-0.0067334358248853305,0.0008659062054532257,0.01040471640735027,-0.001642309979763531,0.0004888988033319996,-0.003443220621194224,0.009748143424145346,-0.0028310262468857423,-0.0019766352909077745,-0.012242556239516096,0.0081713973441111,-0.008188546502637948,-0.01694397673517022,-0.003063764512807852,-0.007698678214948875,0.011171735193242327,0.01093272177475977,-0.0010009899968997063,-0.0014906763551986463,-0.013940803624961922,-0.0011717092427341003,0.0007232415022740489,-0.00099064814019794,0.0018865199521320554,0.0013686053495549544,-0.0003258811093454685,-0.003913483881195014,-0.007950327707474508,-0.012599495628992562,-0.003448936317209986,0.011185259217917548,-0.012107598303503168,-0.0006372145996682486,52,-0.08636638643160388,0.0813478992826819,1,Low Risk
0.0023022911316185842,0.0011809327125421407,-0.008843887646579078,-0.0025726402757055,-0.0024993915150977406,-0.004651189857433832,-0.006390405923570976,-0.0017354931422943621,-0.002031812919443534,-0.0011000790750209629,-0.0004728628481166081,-0.001303709902130277,-0.001702252810090239,-0.013695786491017263,-0.004629838458452235,0.00045374943096788387,-0.010520532371016076,-0.0011430141115141709,-0.015920950070169273,-0.011628142089810339,-0.01101200472351926,-0.0022712193609957915,0.0057601552384265835,-0.0010791122157382664,-0.002847959083885552,0.006305366669171433,-0.004570724305885878,0.0047877765424596454,-0.0011993483000329484,-0.0024825581652458215,-0.003763880951850428,0.003214923945755645,0.00023651788571557375,-0.0001052525459134245,-0.0019582690918591604,-0.0063962919342448864,-0.005079440463255272,-0.0019172893599121092,-0.0001298398558780093,0.003324548918090762,0.00388932538766709,53,-0.10419959200326392,0.06351469371102174,0,Low Risk
-0.0021650223651773484,0.00032335383902476174,-0.001219531129452271,-0.00522180448567834,-0.012197227357327886,-0.005560194278013448,-0.0038238832686485072,-0.007084312774482389,-0.007387621773299107,-0.001317026164757788,-0.0096859382980965,0.004243434242807202,-0.0026798284794902053,0.0007198508902530885,-0.002654415244201876,0.007790288631631432,0.0007464937007433337,-0.008661354667732074,-0.003207559228253714,0.0013340521819835977,-0.000552517687616568,-0.005220963203062402,0.00786511901963849,0.014596134357123534,0.024839676547682755,0.0031387104762705563,0.0005545735654136982,-0.01764180927733558,-0.0014790913630793252,0.0003185205673348312,-0.0007677594850570255,-0.0012103209532988589,-0.0018062459386171464,-8.121358478045835e-05,0.00034864394551163046,0.006994823794865583,-0.010831812120467946,-0.001469839563264475,-0.002575915535254423,0.004638274687614014,0.0008607815880709436,54,-0.037190476190476204,0.13052380952380954,0,Low Risk
0.0016798248199248842,0.0007686839463168625,-0.0029509575698806545,0.012021507858389128,-0.008069934904357399,0.005775066082368953,0.04047074366988171,-0.003526231653853958,-0.005539891300017464,0.0004458268414162667,-0.010446999901362797,-0.00042132387289664253,0.0021107175709022164,0.004465782898418532,0.01950574610906218,-0.0027816686056826192,0.007304276481831875,-0.019942743992687084,0.007148139325820496,-0.018085020413460804,0.024361242957861958,-0.006281098674362178,0.004963620100038282,0.014104065163761123,0.01741140712188076,-0.0035281021996328766,0.0011392847933850622,0.007542074119481471,0.0012171809952448939,-0.0014486147250780492,0.0022678074569599358,-0.0011087125048140133,0.0033589410208826765,-0.00012832440845525985,0.0037334778396905213,-0.003905228881281511,-0.0048701125390974145,-0.0008603458100121785,-0.0005079423964796097,0.005680018330943582,0.0023981866877380315,55,0.09547036783878889,0.26318465355307463,0,Low Risk
0.02173665788442739,0.001620261898912667,-0.0065061196445925715,0.008442684101149029,-0.009463522673839842,-0.0037897710377215537,-0.0026118860133082372,-0.005402264255579558,-0.004795082568327713,0.0035854522180803266,-0.008382640933930907,0.008542524871868403,0.00019291213200186004,0.0071363135470021875,0.014244397113196243,0.024484361136418612,0.0011064130267026792,0.00037308428555273465,0.005257819195051144,-0.0014682827251152205,-0.011206300352068384,-0.012656002421844647,0.00095955112978619,0.020734231249669558,0.007289400218905865,-0.0003253718286205257,-0.0015698770105813695,-0.015459448286121471,-0.004816784294821235,-0.0012112585647498317,0.002076767735170996,-4.3272190814398186e-05,0.003001443098447436,-0.00010069157643448433,0.00017585534289491596,-0.007636544993855061,-0.0101866513104946,0.0034858770304080546,-0.0015251249579607811,0.002422435827105262,0.00451290461195455,56,0.032224450013923704,0.1999387357282094,0,Low Risk
0.0013102944659117504,0.0017878023751975148,0.02875277970421187,0.014974097836713295,0.008704009688172499,0.0017493676809623587,-0.0009723435407328625,-0.002479104393748787,-0.005557668220545833,-0.003254467251798801,0.01943792866240775,0.0026739302715473924,0.008044715944715473,0.012367271041154454,0.0037084413990769397,2.5460050993043735e-05,0.025504570823566667,0.021202227787965787,0.009310649757255972,0.00665513687572849,-0.0016731343509929545,0.01848819761621355,0.004900103985425307,0.01363895917964857,0.026517066670660585,-0.006521877358366733,-0.005083143328777138,0.00976228557846681,0.002434444914788766,0.009599309570285052,0.0022670920174590148,0.002089991625078496,-0.0017696605644900037,-0.0003242547779667599,-0.0055953730628815045,-0.010672766261568427,0.00029705610295167585,-7.0290093089033e-05,-4.315624811846235e-05,0.014417700374717476,0.012268470942345346,57,0.23887212349054462,0.40658640920483025,0,Medium Risk
0.0020434069476166455,0.0019833927920495215,0.02668584262638816,0.004906593323277179,-0.006067722138760324,0.004762830323912376,-0.007842634036368618,-0.0041882920238252574,-0.0036941900149861937,0.010933966816159917,0.018853381410201264,0.0030764550480300453,0.0007204450002923294,0.012144267087264307,0.00983479870830512,-0.004920026013154802,0.0029412983846525405,0.003998015969052154,-0.012416467489886427,0.005816977290362911,-0.008147869902916448,0.01326425294290957,0.010142556256458402,0.025477394249469168,0.011390248015573196,-0.002919898624407878,0.006487119150915626,0.008291070327515877,-0.0017052141456414336,0.009825935504026684,6.222875507753495e-05,-0.0014355705207377265,0.003551204988218603,-9.656377440604495e-05,-0.006732984830088189,-0.017838121173834043,-0.0008297733147655771,0.003951656039274737,-4.454584273264605e-05,0.00736426472684925,0.0011038167740591341,58,0.13073354561140066,0.2984478313256863,0,Low Risk
0.01796184060253142,0.00010078168461585779,-0.003137128080267065,-0.0007066877143182634,-0.002920814848421529,-0.0017381505780560962,-0.0021293001920959977,0.0008644363489769565,-0.002796597885679568,-0.0034184602273206717,-0.001633722707497784,0.006315794117185508,0.001993378926392059,0.000320155305255472,-0.007912003913328278,-0.00805347046961404,0.030515424649404398,0.02213535937677166,0.005875968507595627,0.008207325827062578,-0.008228378638400256,-0.008580636218755773,-0.007103107988518054,0.010395699462422693,-0.004965758401164094,0.0038926501625256393,0.015300700844192962,-0.0038095339412498068,-0.0001890912192954623,0.0008314866969367,0.003149712510551189,0.0022062994945412184,-0.0016328871732846102,-6.692821138800906e-05,-0.0017261171378895855,-0.002820116981847904,0.0009397629993163577,-0.004219364495015968,-0.0011201794044021756,-0.0007520066903256177,0.0017158863711728874,59,0.05306222076931458,0.2207765064836003,0,Low Risk
-0.009447350679292848,0.0030758082840795405,-0.016487820159004848,-0.003529606633509686,0.030507546115790218,0.005853217420777577,-0.0038626344180234537,-0.006466879703340579,-0.0075863009013594366,-0.001064652042700146,0.011497567764276729,0.003130380242530394,0.0005654210454477918,-0.004123539685068695,0.017596703186971,-0.008187616431445869,0.012907919924550764,0.020634416358416396,0.008282382582880502,-0.007550039030323037,-0.005814916061802492,0.0043319596466764206,0.0012888648873687783,-0.022956586369129835,-0.031414349048588794,0.007213875011923502,0.0019017395826983617,0.0002567874102486807,0.000245126908357381,0.0012433938196181632,0.0009923436728288947,0.0027514771976535194,0.0017898287376167652,-0.00013960359731664127,-0.007509758798107906,0.023076844347235264,-0.002251171731361192,0.0013610429028112212,-0.0007666238759022836,-0.00552809370512079,0.0004686101063550633,60,0.016285714285714396,0.184,0,Low Risk
-0.004112594806090562,0.0010167701422972777,-0.0004475173861667636,-0.0010243358250115835,-0.0062699927577178445,0.006896374902477682,-0.004823224571731239,-0.008660927388529993,-0.0009036601159649234,0.001372609296267294,0.002707570726395832,-0.0008747585375422467,0.0005984488160687441,0.004254739847146007,-0.009401549540215012,0.01609041309092536,-0.006589427815637637,-0.004439585116637085,0.004315650941023767,-0.0009831343048566673,-0.003325681111720353,0.004603701512066595,0.013494251716538489,0.0010021339841682743,-0.0008511634719299118,0.005087732826636193,0.004670068768132437,-0.015527062901826016,-0.0037415179016492242,-0.005539981434129379,-0.000251783987737038,-0.000706421943366566,0.00025341104225671255,-0.00013443311829180744,0.003824574617735589,-0.008464687403479122,-0.009865413859598722,0.010502674745918027,-0.0008013012167618519,-0.0036507552152353724,0.0012837850791617624,61,-0.019415999676610875,0.14829828603767484,0,Low Risk
0.0017052998761414582,0.013073908308619412,0.005518840317782486,-0.004282485240609215,0.0023200731499986517,0.009230498837732208,0.0005027896990391601,-0.003029996911780302,-0.0021174991611137865,0.0052166990162163,0.04162940657383073,0.0042943564267245386,-0.0008865338591539837,0.0007338313503536755,0.03391727000277721,0.025647754535289124,0.009350479683925411,0.0017363212098778537,-0.017347403936647392,0.0033660140751838223,0.0316819440062839,0.012749458829041072,-0.00499955072859457,-0.023706567757706173,0.01433393165083603,-0.00026486602492033944,0.0009717249438570412,0.0058020278644472945,0.004652240659970544,-0.0002766570598103738,-0.002412022848599671,0.004723358310708168,0.0008947891191570599,-0.00011960179804988847,0.016924869433273343,-0.0032488708403677433,-0.0013056291055578637,-0.013147453342656799,-0.0006655495328697805,0.0011106938973289683,0.0027401293687155347,62,0.1770180229986731,0.3447323087129589,0,Medium Risk
0.002386593216749697,-0.0006322815363961968,0.003156657683903498,0.008652348392477279,-0.007750857813960958,-0.0120318642966197,-0.0013574108953887164,-0.004460000845574306,-0.005037615469381031,-0.003600151655337748,0.0062045063048236666,-0.0011480050670964748,0.0012691273510418949,0.004988723120612065,-0.005777051910492593,-0.003448099532316937,0.0008595219451863302,-0.0031653488964741,-0.008937334578130644,-0.015148477000213025,-0.012981762417322035,0.0053113586639141905,0.0063607334485505694,0.008486524898843485,4.009736301052747e-05,0.0006400200111154225,-0.006994022334540362,0.004361014048989224,0.00025617138897252007,0.005675065638170971,-0.0009115085120358274,-0.001943499369986046,0.0011667092184728905,-8.223587476215979e-05,0.0023822155782723463,-0.006972071515700624,-0.005945890204842549,0.00032260965441480236,-0.00031558601714627043,0.003419564746429612,-0.0036597158161489514,63,-0.04636122888591626,0.12135305682836948,0,Low Risk
-0.0005021042346948186,0.0008256314891209406,-0.0014969978546134726,0.016049914025570395,-0.004022182938742997,0.004516444734315409,-0.0028771715345424905,0.00824501056017629,8.042494097957258e-05,0.0009452885803411593,-0.01970408598054362,0.00015393143922915988,-0.0011574931303119473,-0.0013177605276990462,-0.003966880936717761,-0.0034283260241303073,0.006769023877258135,-0.005063910144397684,0.008626706360523265,-0.011200169162645043,-0.013169457270458717,-0.011666225057294666,-0.01156123258134243,0.01200439194232222,0.0024171989738506084,0.0016728602774626355,0.003732902450945927,0.008080354245993336,-0.0005410647361743367,-0.012005305712257414,-0.004654935428289892,0.005647516028679129,0.0003359772848530518,-0.0002403988833574071,-0.0037410912548110197,-0.004525386920971667,0.03335428792700807,0.00011495483492621223,-0.00013470081440300705,0.010746286149810772,0.002739318812310303,64,0.010081543807276843,0.1777958295215626,0,Low Risk
0.002753147718744633,0.004588338464279282,-0.0011308485049146607,-0.013015881229606216,-0.0031252733298176927,-0.011122270633810391,-0.0029592021330471147,-0.0050147383607299055,0.0028882401725648507,0.001656080467294178,-0.012710828625805701,0.008230483381130853,-0.0023530618124879867,-0.0058998689138352834,-0.010516240541674396,0.007390791922645382,-0.003152554629865904,-0.0016659242879766018,-0.01733243502461063,0.0013385322578472745,-0.012318579235702823,-0.007368463442676402,-0.008268616904235901,-0.01133757151265935,-0.0001166794461348955,0.0002681645897802687,0.004140894274521157,0.0033732248468356612,-0.004346696461494932,-0.001571686439642791,-0.00011428638675652726,-0.005571989506872767,-0.0003249877985269071,-8.453600539858557e-05,0.006147782445232451,-0.011395458794394771,-0.004231301081564778,0.0007296594999900942,-0.0006629454563188992,0.001391288256562263,0.0005049536653193472,65,-0.11231134453781512,0.05540294117647059,0,Low Risk
-0.0051330841865457905,-0.006807857126587876,-0.0017371429102508648,-0.004120545147779518,-0.0026164000221469237,-0.002792976164613071,0.0001663915656557578,-0.009314873086412032,-0.0030207152021921673,0.0007677437500747892,-0.004787700135180867,0.0043065488868586545,0.0009185135090375059,0.00905282927399125,-0.005762653573358935,-0.010102006249325637,-0.004247681538128832,-0.004472078587672583,-0.01946653326018458,-0.007258366206929546,0.02373790424273546,-0.00581441004664214,-0.007007671462688471,-0.003538961658258217,-0.0023863634305081906,0.0022457821508061644,-0.002111419215265235,-0.007172442100038746,0.00031784381777534646,-0.002142763593173092,-0.0005329770289886419,-0.0009842029756016416,-0.009700084040600795,-0.00010233327053871438,-0.002895285694194161,-0.009861033404205358,-0.011929673709580795,-0.008179218132581859,-0.0014989297951346538,0.00109039270783489,-0.002133762438181681,66,-0.1270281954887218,0.04068609022556391,0,Low Risk
-0.006162334446110404,-0.0005822058826386831,0.0005856140202742804,-0.00552232964804467,-0.00819848907365698,-0.01119519058219149,-0.0013075392522453424,-0.002532190193777082,0.00028585060474483356,0.0005273660116632186,-0.010112873963744095,0.00965680674299387,0.003013386115217814,-0.005442815242375634,0.04081418769725131,0.022981354323986503,-0.00267515749378874,-0.006631945636312811,-0.00840074750276072,0.0062196138873340055,-0.008492478840638543,-0.0032938987892905374,-0.00635226147133194,-0.024354994113888792,0.004386290738166161,0.0037458211218856646,0.001898591427318192,0.0019006315582191713,-0.0015796158451139976,0.0007328662606450239,-0.0026317433121588875,0.001707263875799365,0.0010750574566818058,-8.441017760359442e-05,-0.001957142129339058,-5.191216853517216e-05,-0.0010599233573531665,0.0013292302986871029,-0.0017305249154793813,0.0013473182974898946,0.0018134673812228532,67,-0.016332006218798645,0.15138227949548702,0,Low Risk
-0.004753643944146685,0.001138195054622001,-0.000517900826691957,0.01254632488283,0.003034247202863995,0.001788147953745553,0.0013954462574016135,-0.007399279318972653,0.011719320010573941,-0.012124611744708918,0.00904799282633833,-0.005983823247443571,-0.0040816725763394195,0.009005835136370974,0.02472261144899395,-0.009702171818313609,0.014133655384983287,-0.010468854028463648,-0.010194792071354966,0.002903081537040465,0.013498219605900712,0.023475049107773815,0.0034411057072659497,0.028297423458555588,-0.04055459642710771,0.0058242531120951515,0.002256883244833111,0.006989286307921208,0.00013393838999023873,0.006172930088168255,-0.0003833807107966265,-0.0013559666799449995,0.004361069654792472,-0.00011114131928193829,-0.004577304348483684,-0.005526102560244287,-0.004550735240793781,-0.004904931987727291,0.00010964384576739154,0.0033840522149996455,-0.000784442238474036,68,0.06140336134453787,0.22911764705882354,1,Low Risk
0.011214769855937884,0.0009043546910355945,0.0013023625007197676,-0.0037600043586065945,-0.013701528683324266,0.0015660138316136677,-3.8592360269575565e-05,0.013216759213187868,-0.00646962217825441,0.008623992054715918,0.016701022768900686,0.007335477461923928,0.0007530033756413203,0.005490752177456517,0.02210694404888406,-0.01182195724255818,0.027859042266348156,-0.026367728962880026,0.010136781985967118,-0.0054887330089611495,-0.017216805787030238,0.0048280763498735725,-0.011464426537600492,0.00406054736036621,0.0038199657277691547,0.008676013304933684,0.0015867649956813857,0.008108680495500165,-0.00010690497178436883,0.004639051310969946,0.0005513635825276686,0.0014688139810583984,0.004167852916450579,-0.0001313917471539776,0.00783065318620092,-0.0034704015942090493,0.03005615766338528,0.0015759936683421778,-0.0005230419389328408,-0.017578964822843844,-0.00019735033722631686,69,0.0902437562437563,0.25795804195804195,1,Low Risk
-0.0018642479831906223,0.0007696875915731894,0.024702095904958837,-0.0022780968376673433,-0.010725731556966475,0.0018777824354081838,-0.0005504092269984273,-0.007664851833121931,0.0006231273497091689,0.0040746610785591,0.0074214088077926895,0.008224328207964565,0.0014690923287644755,-0.0038837124488465004,-0.008031881118562633,-0.008211613702836927,-0.005047727107612747,-0.0053713988468000054,0.008877750637994916,-0.013153596521864588,-0.007942557123097643,0.008335740488717484,0.00028494182679700703,0.011915429457808983,-0.0014876143718001275,-0.0015286129465922993,0.006864515907626627,-0.0062816025863077106,-0.0016730199042685984,0.0092940381023081,-0.00023641683379877545,-0.0007008260620655299,0.0008588327272133531,-0.00019527246853134688,0.0028892357662953926,-0.010008625462843116,-0.012446845329716228,-0.005391596430079973,-0.00028521114031911104,0.0037278351648123635,-0.001468354022802582,70,-0.014219318082386806,0.15349496763189893,1,Low Risk
0.0034343143223911497,0.00268595343875306,0.00026492537639340424,-0.003236472194499883,-0.0005558606094302345,0.005753275367594492,-0.016248518495088956,-0.0011956828475579659,-0.002060513184200745,0.004512271270051144,0.01377003007949207,-0.0022718709089843245,0.0006104061925809951,0.009704659841504502,0.003749869878984033,0.004294363606568504,0.004055817987258944,-0.008919094592608607,-0.0183682120596535,0.01185389747833561,-0.014892307568250485,0.002217731314576607,0.008410681586358559,0.009268984152751767,0.0003487048908835378,0.0011559549911256436,0.0023513780480465016,0.007611595665486637,-0.0025445081193759263,0.005742922804877584,-0.002842564525659134,0.0036278720786059055,-0.001528639201447898,-0.00013967731869438994,0.00017266529474364628,0.013710943253621025,-0.0016425431625898463,0.0013695812171666236,-0.0006236158063944007,-0.0009878394271292219,0.00434828522099998,71,0.046969165337586403,0.2146834510518721,0,Low Risk
-0.007085408256340541,0.0009234015950465185,-0.007630617659686513,-0.005294004651040617,-0.01709587394748839,-0.015344660443778045,-0.0014984915431402212,-0.0115833064986115,-8.409259858849933e-05,-0.004771375521853501,0.019184718690740003,0.00034707907276562927,-0.003994789707719458,0.0017566616495909109,0.0046866440703280865,0.01865538688303313,0.014080229678936384,-0.0008011180328724736,-0.01316268368208984,0.006590808768762869,-0.0024880521552279604,0.013297892938130803,-0.0064494030085042505,-0.016338844432032904,-0.01899377699456477,-0.003148968177836852,0.004467889734910314,-0.007760911461745661,-0.0019297987961983893,-0.0019223548669315988,-0.00018286036393724958,-0.0007863421299059129,0.004439294894481347,-0.00010630082802281512,-0.0024008658180184224,0.0001345973293886871,-0.006208531507284102,0.0005171026959887852,-0.0008986142962792379,0.0042099541044409074,-0.0015054389026688494,72,-0.06617582417582421,0.10153846153846154,0,Low Risk
0.00764314597735379,0.006637859748893251,-0.0007354860188922549,0.002760728118522631,0.0057111234848980985,-0.010620414350577336,-0.004269476805048848,-0.0017930294281552671,-0.0021071668170098068,0.0006334895312470748,0.019355927261577144,0.0018950842058322616,-0.0013609289464627061,0.0007557076957020108,-0.012145804066821364,0.022827376029676837,0.004124638498944593,0.027956948977190362,0.006500946814365161,0.018795005781746716,0.017261963886821798,0.005530667173613629,-0.0006483344760813184,-0.015166479824682848,0.006401510990306108,-0.0031586033478802063,-0.002904626053919577,-0.009209346812860593,0.0020094166814267106,-0.00066391595437667,0.0008444484540093577,-0.0012287657881801957,0.005794792708803407,-0.0002935210864655147,0.004754433348773276,-0.004913279365084903,-0.006476375825155823,0.005603005639201107,-0.0004983185258179125,-0.0008166818920347791,-0.0029781418138735893,73,0.09180952380952383,0.25952380952380955,1,Low Risk
-0.003587233051540492,-4.5298456425927434e-05,-0.00022271765110723417,-0.008078050238842244,-0.009556914036742765,-0.001307788100379528,-0.0014944225337469906,-0.008378140423951951,-0.005012022084273307,0.001204489037136186,-0.006310490558595944,-0.000855556851800572,0.00010941822606312605,0.006549958182440158,0.026570801159155086,0.025812606117533526,-0.007526746006273839,-0.014328560814794309,-0.005557229268297252,-0.001045597435464293,-0.007047626731515357,-0.0018354437929838864,-0.0026977090404372212,-0.01102141115897351,0.004941529101511174,0.0013837270707137248,0.0020038719594432275,-0.005013101826633745,0.00021834462997696706,-0.002688365394599888,0.0008305332495022277,0.0009441735129206018,0.0011778169371393238,-8.660605343170983e-05,-0.0016260366054464662,-0.008607740231291959,-0.012435905022804457,0.0034397523163724013,-0.0011300950780321292,-0.006367149205789843,0.001244873645011677,74,-0.057432062509257406,0.11028222320502827,0,Low Risk
0.0012137430332096852,0.00287188952745959,-0.0002658906321258739,-0.005003766971502038,-0.010906670889779932,-0.007659696075756027,-0.007592333216436538,-0.011847991058069279,0.0029896446150144288,-0.004971078282497077,-0.008058911980409299,-0.0007309315170809112,-0.0006449742096150597,-0.0038617706338464728,0.010511148568836238,0.001948558802192099,0.005745429704887909,0.0014113329420694584,0.0022839372461404685,0.011284725721207095,-0.009630027642827171,-0.0008250030224568259,0.007635079699829427,0.009360573531278005,-0.020952532470044093,0.0006232397712963062,-0.0005141578014043677,-0.01943320233386138,-0.0007382328942751164,-0.0010037151118304003,0.0006203274005005172,-0.0026078201031508037,0.0007559864801739951,-9.707566957886706e-05,0.005091390039568403,0.0029621892816120944,-0.010531173608908349,-0.0006808282682331977,0.014092343198243868,0.0062534674448499255,-0.0004478719653298063,75,-0.041350649350649374,0.12636363636363637,0,Low Risk
-0.002489305298909278,0.003579133581403444,-0.002286533775230469,0.01082728821200982,0.0032447337780726598,0.005487044924349756,-0.004206896297725827,-0.0037398583593193906,-0.00822690138713053,-0.0007824277564888088,-6.781327320086503e-05,-0.00010746156601338298,0.000588544515304803,-0.0028747564335635427,-0.007553942135705152,0.015416181848316328,-0.007903156425414464,0.005351243399362186,-0.0032814257094048137,0.0048091065227699,-0.016479143729412452,0.005238745636920276,-0.008588075570616862,0.0009861052117045895,0.001623507912530433,0.0006319689728998657,-0.005535488265474393,-0.016669079546002087,0.0014774306311987869,0.0020584378497549172,0.00042935517611322613,-0.002737135908528096,-0.003714226751816693,-0.0003050823551188747,0.004309600293086644,-0.0018916531235982407,0.008396201995423054,0.0012810038544166368,-0.00026345131987335913,0.0007660335625000826,0.001152822986398676,76,-0.0220493241240115,0.14566496159027423,0,Low Risk
0.004422904666288894,-0.004883463552295379,-0.003262037070275473,0.005654252134659685,0.002181841301049984,0.009050456728397287,0.005348476638298448,-0.004172739002255047,-0.00015774786780323473,-0.001176273172205622,0.0013237070191539169,0.0027350275952370386,-0.0004941080069369846,0.010826881815930821,-0.0010856255063144437,0.027848079259236463,0.01329207650569511,0.004035076690299366,0.006534037355094763,0.0034861639649245643,0.054564801087745175,-0.0056546688591265545,-0.013918190678500173,0.006610894992825482,0.0019927096050396634,0.003007856223932907,-0.001324308994010222,-0.016070988079332157,0.009155101724517662,-0.003231896649729374,-0.0004955971251289514,0.0021075408512577186,-0.0032593122828096896,-0.0001656671450444538,-0.003269754230187202,-0.008291997633601703,-0.013314084785496456,-0.003829488615974159,-0.0002050064447468234,-0.006582323946784263,0.001205696316749979,77,0.08053830282777656,0.24825258854206222,0,Low Risk
-8.182865970623374e-05,0.003595598578960981,-3.9489908401582506e-05,-0.008837429440261994,0.002313808361363983,0.005045108420490758,-0.00401336657388364,-0.008745544205809462,-0.004355188535491628,0.000597896827316039,0.0008632261835843513,0.0024548378868411553,0.0010833163861959593,-0.006223772226095732,-0.007248202405552974,-0.0013165139168774447,-0.007968063643640288,0.0004664958985470086,0.004941082697300267,-0.006578467712903612,-0.01099451399640922,-0.007705647942666959,-0.006047339490851046,-0.00921361166158048,0.00407065189555157,-0.0003299852406195934,0.0006612977701577084,-0.008067093612595432,0.00015819861970685085,-0.008828998094806648,0.002153906313551779,-0.000207951146662044,0.0006727248795539846,-0.0002540801266659457,0.007400663385231243,-0.009645815632848649,-0.01567056409585281,-0.007035729021368082,0.019511050571728653,0.006143346121461109,-0.003844009512780347,78,-0.08111999600678844,0.08659428970749726,0,Low Risk
-0.0005316296224196886,-0.005687392644092671,0.004875637832028221,0.000679249142743232,0.026369709197182078,0.0006740382920675552,-0.0005108664955814158,-0.008151855521468587,-0.0025755341309938863,-0.0036317259818678073,0.009734539890781654,0.002050682942703959,0.004640701641179606,-0.00672406877194342,-0.006410607924384647,0.0009446890789321413,-0.005873841111627551,0.029935914680368964,-4.358870205330154e-05,-0.005472230337009298,-0.00972761692856232,0.005510386479357889,-0.005830700887735636,-0.007429638614871311,-0.024633458019643208,0.001968203340622993,-0.002653083143362013,-0.00388510799784552,0.0023883355344289777,0.008280449790439395,-0.0045927710464815875,-0.004043573756627146,0.0004457908623083945,-0.00016052513509486228,-0.005019584306790568,-0.011757795712742172,0.0024327204407182507,-0.0037330693158703723,0.009388402855233138,0.003973793543580735,-0.0005192383940410439,79,-0.01530625895843286,0.15240802675585285,1,Low Risk
0.020582955563528883,0.0005963250257992598,0.008485966569532865,-0.007776104627293533,-0.0025570915745337544,-0.006685640437655327,-0.00490660259682721,-0.0016695915338671848,0.004914914751295219,-0.0031232103504023863,0.009299763794450517,-0.002470670570325261,-0.001685695664950887,0.0003974861483087806,-0.004866605696544676,0.005649552476496167,0.00533829872475028,-0.0023353256418019667,0.003132714446365466,-0.0037757413493846245,-0.01404704367930669,0.008196667865321729,-0.004033605182289634,-0.022837460447176317,-0.003541238578038801,0.008924622907083813,-0.0023240288195144104,-0.00748374333908853,-0.007264515965081334,0.0025415901943211684,0.00015919948171742862,0.0008394685554680796,-0.0017754291776914861,-0.00037403206555406494,0.0002830833739180006,-0.003006479837335314,0.01416769357707981,0.005324778402338611,-0.00014492153094358874,0.0045460330951604955,0.004587428680645894,80,-0.0007162350320245115,0.16699805068226123,0,Low Risk
0.0033453038225722724,-0.003663419138568223,-0.0037098771458349378,0.002529655227752259,0.0004555193683514992,0.003998712204051461,0.0026572199659806854,-0.009636014034697831,-0.004570914352666167,0.003988355432169687,-0.007476433658735822,0.00023217045914274034,0.0020949384037209197,0.005920426248218185,0.022551289575544937,0.003602575838257761,-0.0067534890344849085,0.00848773005980874,-0.009873560117960273,0.004592110289052834,0.05726026447423981,0.0019031512210011896,0.0012922455460601244,0.004325900923063198,0.005056353410596239,-0.0016928877880553936,-0.0012418684725466842,0.0037104691734163938,0.0018144881416600615,-0.0024788293468157472,-0.0012786319430668068,-0.0032976496384227805,0.0006933184059727463,-0.0001086675649688091,0.0021547403739788397,-0.011625068388996726,-0.0013543895656017353,-0.004348846223130933,-0.0018904614490374023,0.0010478613916106968,-0.001344744473584454,81,0.06736904761904763,0.23508333333333334,1,Low Risk
-0.003139384307498592,-0.007647918417601379,-0.015414283995917271,0.01287646605635938,0.02431929136324776,0.0020811991401443624,-0.00437295199097696,-0.00856969822272786,-0.0004732983196111322,-0.001030567077541885,-0.006888759343216927,0.0031755500960563635,-0.0018125384405125325,0.004120079028732484,0.014193169473942977,-0.0072680297120391825,-0.004426095306224052,0.005305805584885551,-0.005493527015925479,-0.021143166081345154,-0.006773354174378063,0.005211430102769395,-0.0014970159422617113,-0.01812411573984681,-0.018082238908521953,0.006162668256278561,-0.0019238842251176147,-0.00547341790112554,0.0007089524114590403,-0.001182225530210685,0.002602382920832164,-0.003287755482479079,0.0008475230892869454,-0.00011947723045316967,-0.01771962080747179,-0.006851380357279528,-0.0037797938855480056,0.001110833892538103,0.00990312111378882,0.0022228777764572876,0.0005340777057722082,82,-0.07711907040328095,0.0905952153110048,1,Low Risk
0.005777632091603454,-0.0016320681345550357,0.023666987022986453,0.010514062563292837,-0.004104346931255468,0.004166198545336302,-9.904648548299865e-05,0.0008939294954599332,0.008351199866372134,0.009352245243557197,0.013870138715863678,0.009331501148363354,-0.0026773490714480353,0.006112766570788126,-0.00426942607570279,-0.0005283803329787133,0.025923850728353477,0.0018228227940169197,0.0049013904433302564,-0.009946572487906154,-0.008990779956539898,0.015974777326444905,0.013326022771252949,0.031159201568393313,0.008411833460624737,0.0016758196764822186,0.008667865988385988,0.010978416384088256,0.0009186776206798672,0.010468911982100386,0.0015970437584114285,-0.0011942359373548826,-0.0017539611665669354,-0.00017834532941688743,-0.001093159845209955,0.018949124582099047,-0.0029581352660970218,0.0031503893007056843,-0.00022429025232230583,-0.005458853682874654,-0.0033225525112366523,83,0.20153130618204457,0.36924559189633027,0,Medium Risk
-0.0009048842679994337,-0.00023537512981519385,-0.00047649791264110813,0.010207130676258214,0.004396621695760893,0.010146139193171174,0.0025738809204207845,0.004326856090859649,0.006100722452823241,0.0005171507369457504,-0.010206142609317757,0.007561447422913369,-2.6191892114214906e-06,0.007763850544662056,-0.007229962618372926,-0.004717868755058025,0.0074499644062729735,-0.003956012566278228,0.004335551001005458,8.97415426419259e-05,-0.018417738806864526,-0.004583972472578361,0.0005936130526109947,0.016882224775543207,-0.026579303883782754,-0.0016298415028908465,0.0003049892583388127,0.012831085927069988,-0.00446596694743725,-0.0015362053360076689,-0.0033561926476251103,-0.0009417631009495296,-0.004621384634704819,-0.0002740990793000171,-0.007240562973232185,-0.001990953175009587,0.023954428547029862,0.0012637221200368113,-0.001252291806964633,-0.007706232781833299,-0.003354801798044076,84,0.005618446368446408,0.1733327320827321,0,Low Risk
0.02511818960278625,0.0025102484604486164,-0.0005664813404342741,0.006808603136658992,-0.00011045189631728153,0.0016850386065970651,-0.004087009543970784,0.002109786065736339,-0.0009920414816664603,-0.001147077988295833,0.0014006868262533953,-0.0008470054726267173,0.004409924880671251,0.005938265151902395,0.0035267457726345674,0.026056835292141027,-0.002920165817049469,-0.0005375884875840266,0.019003066735755057,0.004215200524267565,-0.005181530438691257,0.01723420154070274,0.011929725258439895,0.01318290431736932,-0.006543939988302442,0.0026341428957752564,0.0008636770985236405,0.011893195102460547,0.0005528469146450399,0.01113999947282728,7.691427504177514e-05,0.0019956501344616188,0.0029049948587826792,-0.00032846544592848734,0.005325705342778053,-0.007160003128822849,0.01198761933298928,-0.00332523497330638,5.601252023432095e-05,-0.0015700955950417907,0.011967746535815305,85,0.17121083505866122,0.3389251207729469,0,Medium Risk
-0.01358214135602089,-0.001372076111079701,-0.006902593841295071,-0.012735444648220328,-0.004581212067236007,-0.014444661952479189,-0.0013132726878607795,-0.004990143501564144,-0.0031165969305332053,0.0009986464831525628,-0.007874282201166738,0.0005152258978017579,-0.0003323602656358092,0.0035507281989481765,-0.010822647891397552,-0.012662636937780261,0.007262716064912678,-0.009116412110102366,-0.011279799262194561,-0.0016531915333591358,-0.0010948607425388967,-0.0031778151502750455,-0.004328624616030561,-0.014438025193278949,0.0019701428549114062,-0.0011875558294555308,0.0015740104349307401,0.002296661122615621,0.00027636658953314415,-0.005870628847396469,-0.0028795401685737343,-0.0005128279208221765,-0.001398421089495636,-8.552456155778194e-05,-0.0025363612567002977,0.0012973003147399873,-0.0070818158970044065,-6.742204359405808e-05,-0.00028996875152262493,0.0009586171801812449,3.1171105020512953e-05,86,-0.14099727911942406,0.026717006594861606,0,Low Risk
0.013474387199681352,0.0005886656261204629,-0.00692600982377355,0.007541575720458791,-0.003167291896243222,-0.018468224648359368,-0.010206097661082637,-0.003890957851740975,-0.00922161120743604,-0.0008811525081781793,-0.017781601183888936,-0.0003197112796517266,0.0007008546616268481,0.00042659520906516654,0.0005767671360841707,0.02025923401789004,0.0030458662427179724,0.014781332866895994,-0.015208269277551279,-0.0013882340150426116,-0.007819292023925064,-0.0024671102536844257,-0.0010491116310116964,0.02670955407803072,-0.002932598948240141,-0.0037250565879462226,0.014907883779777887,0.008160831935255797,0.001513124124636442,0.0013813240968488557,-0.003725905928932993,0.006881687170538833,0.0001531919263076584,-8.16129681242212e-05,0.0037469364266291415,-0.017165490401821935,0.007676184956145578,0.00041932219602411656,-0.0003532172581439954,0.0022459814141923156,0.0021729708555653184,87,0.010585714285714238,0.1783,0,Low Risk
-0.005703381261905673,-6.21042669328207e-05,0.020969026708838486,-0.0034440183274839263,-0.006378918849640873,0.004410540530502151,-0.002489768441653238,-0.009371217423700147,-0.008110764438388375,0.0047681536243140525,0.010048564950346502,-0.0006369931203167731,-0.0025249643957092308,-0.028137760152768487,-0.015043279524077099,-0.009825389653174699,0.013470491307639375,-0.0075883659996289045,-0.015629790971528296,-0.0084849373821667,0.006670863885524289,0.009615483595523432,-0.0003082362970759795,0.009190938738378965,0.0009089366980174974,-0.003219941787877774,0.004475955591165299,-0.010983542620340422,0.0014016756738885819,0.009018400863133968,-0.0009083144166069715,-0.0008900111448655954,0.0010336726877915841,-0.00013477885251514398,-0.002499696272562002,0.0025495804338747695,-0.010131655738090727,0.00034719758575637807,-0.00046372888298252195,0.002595023184209642,-0.0034030852382291913,88,-0.054900139401316606,0.11281414631296909,0,Low Risk
0.014569980699384612,-0.000842510902008605,0.010361286694010275,-0.005217625715483845,0.028624267145936973,0.0036344111389208424,0.005654758124911019,-0.009191908230561858,-0.00540896359836252,0.0005447845816936749,-0.0025822900840243323,-0.003728126949372721,0.001356150771447535,0.007890619845032852,0.016338941030801912,-0.007349647700539027,-0.006121605880406473,-0.001657465921789641,0.0061721248302657305,-0.005071360754486311,-0.004099775462518776,-0.00439821653325565,0.0026650028585701096,-0.03648913020053984,-0.007782350182962301,-0.004892862306869418,-0.0016771546412106236,-0.0062245182177772425,0.001655011309302752,-0.006553664893605268,0.0039212618729805035,-0.00433173112238241,0.0003979671476979889,-7.859075042390386e-05,0.006876988410884408,-0.012809696123159433,-0.010495154330628925,0.0026988681721555052,0.006673887034872014,0.0031202691846158575,0.00035854834387380897,89,-0.023489221305010747,0.14422506440927496,0,Low Risk
-0.005986520534236123,-0.0007715248904356265,0.020129332877947187,0.006922381071884772,-0.011092890332073328,0.015662074774741522,0.012940474407582515,-0.004945321931730845,-0.0012227913639189687,-0.0077596364118690635,-0.018363603514288597,0.00333953882204774,0.0007188290084907961,0.014678981402845154,-0.007055792066388899,0.008512880678819142,0.013288929852198452,-0.003455321857519165,0.014375345745861695,0.003974276827133277,0.008526281696311727,-0.0052697209181541,0.002139309257278526,-0.004224046503229296,0.0027103995276658065,0.009080416159198745,0.0006503249502627214,-0.012792600850040232,-0.0073899841213035024,-0.009229009285273228,0.0009633505146921333,-0.00034380296642639815,-0.0017539889981764913,-6.58303120947526e-05,-0.0004729699900873475,0.06812959988344158,-0.014749114265974582,-0.0020641887438219457,-8.058622939492142e-05,0.007105756128011127,-0.0032016113797134703,90,0.09155762612026375,0.25927191183454945,1,Low Risk
0.0053078703851882686,0.005470031309808612,-0.0005741223081360206,0.01635416783431325,0.0036955847053965827,0.006551764650363865,-0.0021693469174195344,0.0002518582302580652,0.0029308106577253844,-0.00036623886799001695,-0.0005724401171745966,0.0025198913868895397,-0.0009371444688430074,-0.008303341756499313,0.019672554398788757,0.009855540886360224,0.0005066872481173144,0.008840782278695284,0.007195038551589577,0.0034467245107172887,-0.016712501644239,0.004178109134877181,-0.0073600755078963255,-0.003662756780710854,-0.01756912581845662,0.0058597106841048185,0.002876524242671235,0.003103260329977465,-0.0010157616600904584,-0.002727912256790398,-0.001100498840873112,0.002531716261202339,-0.0021502713747406197,-0.0001325013678748942,0.007835368232099169,0.0006179996550924625,-0.0050168612169925785,0.0006306024094933781,-0.00038489975885597737,-0.000618539784354128,0.001993474065938984,91,0.05085173160173159,0.21856601731601732,0,Low Risk
-0.00155617597621657,0.0032960531898855246,-0.005313780106287831,-0.011474814149831971,-0.012854692482866139,0.005857386200580174,-0.0019741157551271824,-0.008019609784864863,0.0073438462308333,-0.0010332017483050391,-0.010749913341699472,0.0013831338547020875,0.0009300309558850064,-0.005164420378476783,0.006767008093784155,0.012546731782448172,-0.005750236499201856,-0.01059406984301989,0.007561622965564227,0.0023782220390316413,-0.012070943288882684,0.0059194826624817615,-0.006348408836569302,-0.006475232443086018,-0.027957000270259526,-0.00028524881261231743,-0.0011007422254698846,-0.0032113043782017146,-0.0013776040584853504,0.00025049805467925715,-0.0008814200887042038,-0.0008806963063232976,-0.0023563201796325916,-8.239576023338715e-05,0.002862256215049669,-0.00925197885273483,-0.009504827457376403,-0.0028566917883518744,-0.00042530342274209223,-0.000768146775622515,-0.006771694380998907,92,-0.10999471714725952,0.057719568567026196,0,Low Risk
-0.002385613917493208,-0.0018460609799370556,0.0071067717587299075,-0.017603902224887384,0.023061190327642873,-0.004090599584402427,0.00035735108489112397,-0.006583389693204103,-0.002711553923471768,0.0013948406515912758,-0.0061532572751142765,0.0015918502303621605,0.0005208483333482844,-0.005770785412035489,-0.00695754791494557,-0.008303005561972544,-0.00564307812372787,0.006647704124869395,0.01109881725453037,-0.0071910953116617,-0.00047559957632686394,-0.002391647074144405,-0.005280903723992388,-0.016154365632910492,0.002134969064027465,-0.001537576842996094,0.0006139249862225546,0.0023508294760689816,-0.002305871666752799,-0.009181868965246493,-0.003034044566094033,0.0014148755002878018,0.000660426438126029,-0.00010471402927207592,0.0009877933885616445,-0.008949753377916946,-0.007026991314549043,-0.005279423145934324,-0.0019046854924266536,0.004694126036452254,0.0013230368204052725,93,-0.07290797985529862,0.09480630585898708,0,Low Risk
0.02632237372734639,0.0014355641112280037,0.0035188837197617276,-0.014563507562490866,-0.006712161445063963,-0.004874785439858883,-0.0021156327661190056,0.003388911661073921,-0.0024801621999812943,0.00010621035053440497,-0.012098119068120696,0.000973383999318678,0.0066195697019277916,0.008522764255109104,-0.008103728962374811,0.014894097506031748,-0.0028027806217312315,-0.001352688466678966,0.01014695131086635,0.009273938846570452,-0.008587969944974938,-0.0030357124489680536,-0.002663359253551029,0.00019409559517462186,0.0018496384649456553,0.002360174049803554,-0.0019276623416289238,0.0042987358994396666,-0.0010839902287371461,-0.003554616624274424,0.002332043499679683,-0.003321451444464171,0.0028378218382866176,-0.0002425501467747804,0.007397237562814055,-0.0018255454436079468,0.023136004995189256,-0.01052269373421175,0.0002148245680482481,-0.003933826610734421,-0.001003928577806277,94,0.033016352330996354,0.20073063804528193,0,Low Risk
0.0079174600927955,-0.0014695526956056211,0.011617567969108351,0.006930789684895711,0.002039933964521281,-0.001782946380187229,-0.004952135945970969,-0.005269729787760904,-0.003952438396216519,0.0053452055594327905,-0.017123803838048658,0.000545290267461506,0.0004374833249572533,0.008533007755367767,-0.010690131487474646,-0.0021340595799965046,-0.0021372073192837166,-0.008874469973118491,0.012549345530687194,0.026186119628898982,0.0013546365805658244,-0.00537343283914256,0.004515924304262552,-0.004269293259805333,0.00949845037389254,-0.0028172992884379373,0.007395545952204244,0.006921685832695319,0.002707799748035096,-0.0006955914708262083,-0.00197691757586316,-0.0008015781794930606,3.153852408905393e-05,-0.0001225150209712326,0.001849111805073698,-0.0023740928217205093,-0.005281895413217223,0.004479240972586189,-0.0019340004819432075,-0.0001239212359869768,-0.0040248211967225484,95,0.032674303683737645,0.20038858939802334,0,Low Risk
0.0037210584038141715,-0.0005856099119544028,0.0013592272942901653,0.008224124064074448,-0.007814549396618664,-0.013719993946975246,0.005437200468498591,0.0032084708498371483,-0.0030215545739527222,0.0011062271306943163,0.014856522880661622,-0.00047340976179766433,-0.0018335592937859615,-0.009875650697847311,-0.003306066231664975,0.0015090607347900294,-0.004448209436720309,0.011984930721170144,-0.034887885567792425,0.006333770123819856,0.01893409058625655,0.0008825682133692601,-0.0039548223221763405,0.0031383725518297667,-0.006100371743084759,-0.0016310080376563045,-0.0066972202693921295,0.0061607558118140756,-0.0017203675873470544,0.00101719491681637,-0.0035830852589216317,0.000340785338273856,-0.0010615508077572407,-0.00023748870900354056,0.006811861938856155,-0.011945932461394594,0.006104141223890889,0.02505732481550137,-0.0004577105270086344,0.011431388709204415,0.01650847216479803,96,0.03677150239940932,0.20448578811369508,0,Low Risk
0.006766688056760413,0.004775276357616119,0.013092759416122753,-0.004865375283795114,0.01038687715111243,-0.0008335929926273473,-0.006742656782511132,0.014848360595759244,0.0008290598761996135,0.0033479681045769575,0.01797556933360907,0.0021128024410046343,-0.002742751796790591,-0.01282454675842102,0.020707784287958823,0.012542569390273034,-0.010954662903602228,0.023517224099110525,0.014251894786212279,-0.0068849771679671936,-0.012991160494308516,0.004383691549726279,-0.0015240122223370443,-0.04158543936464918,-0.004157046900257806,-0.002330283714728916,-0.001218369584428213,0.0050140949906640996,0.003500137672287225,-0.0004581813516514498,0.0019510954369864376,-0.001940372983783289,0.001059303063152393,-0.00011059573543596595,0.004507571495887873,-0.012650477698731902,0.007996351607189763,0.00034181880051782545,-0.0006268629394888303,0.0027698289157190707,-0.0015562640718345016,97,0.049681096681096625,0.21739538239538242,0,Low Risk
-0.007619275746050622,-0.0010137882967058546,-0.008396463848761623,-0.003768670502501272,-0.0017047271759838391,-0.00042381313292357426,0.0009575487720256503,-0.000848906074250442,0.0017206620959077045,0.0005028324426545316,-0.0075106891849552404,0.0006164701482497064,-0.0005383523869038524,0.011310595808633655,-0.005867456419343358,0.027116850675354624,-0.00018640944236984004,0.06534661067817021,-0.0059515863401786466,0.01312324926037098,-0.006690330437813698,0.003939439982672993,-0.0018901443592141904,-0.01774556376924802,0.008019876434932759,-0.008256739664480947,0.0032335671737519687,-0.0015498845713614463,0.0008981776334433224,0.005063248976200831,0.000886292891742405,-0.002846839397034984,-0.0023662559626315832,-0.00012842903066494053,-0.002750523333340763,-0.015626567468890074,0.008267074889374147,0.0018134389786442443,0.004722541792999975,-0.0019694561022395793,-0.002189492779734189,98,0.04969811320754713,0.21741239892183287,0,Low Risk
-0.007010744765042576,-0.0005707087625011361,-0.0031037805922333435,0.00595527078376324,-0.008086151650690949,0.004111375791232213,0.0016760927413175541,-0.0057304313113148665,-0.0015233459387474122,-0.0013103107966823298,-0.0021512688762770024,0.0015377089180448795,0.0005929724795999991,0.003953918511360259,-0.0014570400856155719,0.028350234968944354,-0.005387126437873265,-0.006694621993385087,0.0031381913401548438,0.010623407930382807,-0.011417201818068478,-0.0035290609004982204,-0.004977957270924595,0.003511385556026536,-0.0034361023695653587,0.0020873910262463047,0.000179885715568343,0.004909976757329291,0.002637413260157344,-0.005153644947932993,0.0002459543754960767,-0.0007951857070678163,-0.001155836194039296,-0.00010190535737070256,-0.005825208069977735,-0.009051941151460761,0.002890233328612104,-7.930183836545976e-06,-0.0005301364384448724,0.0003792124086431341,0.0006775098865997503,99,-0.011549505840071882,0.15616477987421384,0,Low Risk
